t,goalDist_0,goalDist_1,goalDist_2,goalDist_3,goalDist_4
0.1,7.071,8.984,9.628,8.815,9.712
0.2,7.086,9.01,9.667,8.915,9.795
0.3,7.092,9.027,9.711,9.014,9.883
0.4,7.09,9.036,9.761,9.112,9.976
0.5,7.079,9.036,9.815,9.207,10.072
0.6,7.06,9.027,9.872,9.298,10.17
0.7,7.032,9.009,9.971,9.386,10.27
0.8,6.996,8.982,10.071,9.468,10.37
0.9,6.952,8.947,10.171,9.544,10.469
1.0,6.9,8.903,10.27,9.615,10.567
1.1,6.842,8.852,10.367,9.678,10.662
1.2,6.776,8.793,10.461,9.734,10.753
1.3,6.705,8.727,10.551,9.783,10.841
1.4,6.63,8.654,10.637,9.823,10.923
1.5,6.551,8.576,10.717,9.854,11.0
1.6,6.468,8.492,10.792,9.877,11.07
1.7,6.383,8.403,10.86,9.892,11.111
1.8,6.295,8.31,10.92,9.897,11.149
1.9,6.205,8.214,10.974,9.894,11.182
2.0,6.114,8.116,11.019,9.883,11.211
2.1,6.021,8.016,11.056,9.865,11.233
2.2,5.927,7.916,11.084,9.841,11.249
2.3,5.833,7.816,11.104,9.812,11.259
2.4,5.737,7.717,11.114,9.778,11.261
2.5,5.641,7.617,11.115,9.74,11.255
2.6,5.544,7.517,11.107,9.698,11.242
2.7,5.446,7.418,11.091,9.651,11.221
2.8,5.349,7.32,11.065,9.601,11.192
2.9,5.25,7.222,11.031,9.548,11.157
3.0,5.152,7.125,10.989,9.492,11.116
3.1,5.053,7.028,10.942,9.434,11.069
3.2,4.955,6.933,10.888,9.373,11.018
3.3,4.855,6.838,10.83,9.311,10.963
3.4,4.756,6.741,10.767,9.247,10.905
3.5,4.657,6.645,10.701,9.182,10.843
3.6,4.558,6.548,10.63,9.115,10.779
3.7,4.458,6.45,10.556,9.046,10.711
3.8,4.358,6.352,10.478,8.976,10.64
3.9,4.259,6.254,10.398,8.903,10.568
4.0,4.159,6.156,10.316,8.83,10.494
4.1,4.059,6.057,10.231,8.756,10.418
4.2,3.96,5.958,10.145,8.681,10.342
4.3,3.86,5.858,10.057,8.605,10.264
4.4,3.76,5.759,9.968,8.528,10.185
4.5,3.66,5.659,9.878,8.451,10.106
4.6,3.56,5.559,9.787,8.373,10.026
4.7,3.46,5.459,9.696,8.294,9.945
4.8,3.36,5.359,9.603,8.213,9.863
4.9,3.261,5.26,9.51,8.132,9.781
5.0,3.161,5.161,9.416,8.05,9.698
5.1,3.061,5.062,9.321,7.967,9.615
5.2,2.961,4.964,9.225,7.883,9.531
5.3,2.861,4.867,9.129,7.798,9.447
5.4,2.761,4.772,9.032,7.713,9.363
5.5,2.661,4.678,8.935,7.628,9.279
5.6,2.561,4.583,8.837,7.542,9.194
5.7,2.461,4.486,8.74,7.456,9.11
5.8,2.361,4.389,8.642,7.37,9.025
5.9,2.261,4.291,8.544,7.283,8.94
6.0,2.161,4.192,8.447,7.197,8.855
6.1,2.061,4.093,8.349,7.11,8.77
6.2,1.961,3.993,8.251,7.023,8.684
6.3,1.861,3.893,8.154,6.936,8.598
6.4,1.761,3.793,8.056,6.85,8.512
6.5,1.661,3.693,7.959,6.763,8.425
6.6,1.561,3.593,7.861,6.676,8.338
6.7,1.461,3.493,7.763,6.589,8.25
6.8,1.361,3.393,7.665,6.503,8.163
6.9,1.261,3.293,7.567,6.416,8.075
7.0,1.161,3.193,7.468,6.33,7.987
7.1,1.061,3.093,7.37,6.244,7.899
7.2,0.961,2.993,7.272,6.158,7.81
7.3,0.865,2.893,7.174,6.072,7.722
7.4,0.778,2.793,7.076,5.987,7.633
7.5,0.701,2.694,6.978,5.902,7.543
7.6,0.631,2.594,6.881,5.817,7.453
7.7,0.568,2.494,6.783,5.733,7.363
7.8,0.511,2.394,6.686,5.649,7.273
7.9,0.46,2.294,6.588,5.565,7.182
8.0,0.414,2.194,6.491,5.482,7.091
8.1,0.372,2.094,6.394,5.4,6.999
8.2,0.335,1.995,6.296,5.317,6.908
8.3,0.302,1.896,6.197,5.236,6.816
8.4,0.271,1.797,6.099,5.154,6.725
8.5,0.244,1.699,6.001,5.074,6.633
8.6,0.22,1.601,5.904,4.994,6.541
8.7,0.198,1.505,5.806,4.914,6.449
8.8,0.178,1.408,5.709,4.836,6.357
8.9,0.16,1.312,5.612,4.758,6.264
9.0,0.144,1.217,5.516,4.681,6.172
9.1,0.13,1.129,5.42,4.604,6.079
9.2,0.117,1.047,5.324,4.529,5.985
9.3,0.105,0.97,5.228,4.454,5.891
9.4,10.518,10.08,7.148,6.667,6.087
9.5,10.596,10.128,7.221,6.765,6.158
9.6,10.667,10.173,7.288,6.862,6.222
9.7,10.731,10.213,7.348,6.956,6.28
9.8,10.788,10.25,7.401,7.046,6.331
9.9,10.837,10.28,7.444,7.123,6.374
10.0,10.878,10.305,7.475,7.188,6.409
10.1,10.91,10.323,7.496,7.239,6.436
10.2,10.934,10.334,7.508,7.28,6.454
10.3,10.949,10.338,7.514,7.312,6.465
10.4,10.954,10.333,7.514,7.335,6.466
10.5,10.951,10.321,7.511,7.352,6.46
10.6,10.938,10.301,7.505,7.363,6.445
10.7,10.917,10.273,7.497,7.37,6.422
10.8,10.887,10.233,7.489,7.374,6.39
10.9,10.848,10.184,7.449,7.383,6.351
11.0,10.801,10.128,7.407,7.383,6.303
11.1,10.746,10.064,7.363,7.374,6.249
11.2,10.683,9.993,7.316,7.357,6.187
11.3,10.614,9.916,7.266,7.331,6.12
11.4,10.538,9.834,7.214,7.297,6.047
11.5,10.456,9.747,7.156,7.255,5.97
11.6,10.37,9.656,7.094,7.205,5.89
11.7,10.279,9.562,7.027,7.148,5.806
11.8,10.185,9.466,6.955,7.084,5.72
11.9,10.089,9.368,6.88,7.013,5.632
12.0,9.991,9.269,6.802,6.936,5.542
12.1,9.897,9.17,6.72,6.853,5.45
12.2,9.802,9.07,6.635,6.766,5.357
12.3,9.707,8.97,6.547,6.674,5.263
12.4,9.611,8.87,6.456,6.579,5.168
12.5,9.515,8.77,6.363,6.482,5.072
12.6,9.419,8.67,6.268,6.383,4.976
12.7,9.323,8.571,6.172,6.283,4.879
12.8,9.227,8.472,6.075,6.183,4.782
12.9,9.132,8.373,5.978,6.084,4.684
13.0,9.037,8.274,5.88,5.988,4.586
13.1,8.942,8.176,5.782,5.895,4.487
13.2,8.848,8.077,5.683,5.807,4.389
13.3,8.754,7.98,5.584,5.725,4.29
13.4,8.66,7.882,5.484,5.645,4.191
13.5,8.567,7.785,5.385,5.567,4.092
13.6,8.473,7.688,5.285,5.491,3.993
13.7,8.38,7.591,5.185,5.419,3.893
13.8,8.287,7.494,5.085,5.349,3.794
13.9,8.194,7.398,4.985,5.281,3.694
14.0,8.1,7.303,4.885,5.217,3.594
14.1,8.006,7.207,4.786,5.156,3.495
14.2,7.912,7.113,4.686,5.094,3.395
14.3,7.818,7.018,4.586,5.034,3.295
14.4,7.724,6.924,4.487,4.976,3.196
14.5,7.63,6.83,4.387,4.919,3.096
14.6,7.535,6.737,4.287,4.863,2.996
14.7,7.44,6.643,4.188,4.807,2.896
14.8,7.345,6.549,4.089,4.751,2.796
14.9,7.25,6.454,3.99,4.694,2.696
15.0,7.155,6.359,3.891,4.637,2.596
15.1,7.061,6.265,3.793,4.579,2.497
15.2,6.967,6.171,3.695,4.519,2.397
15.3,6.873,6.079,3.597,4.458,2.297
15.4,6.778,5.986,3.5,4.395,2.197
15.5,6.684,5.895,3.404,4.331,2.097
15.6,6.589,5.804,3.308,4.265,1.997
15.7,6.495,5.715,3.213,4.196,1.897
15.8,6.4,5.626,3.118,4.125,1.797
15.9,6.304,5.538,3.024,4.05,1.697
16.0,6.209,5.451,2.93,3.974,1.597
16.1,6.113,5.363,2.838,3.895,1.497
16.2,6.018,5.273,2.743,3.815,1.397
16.3,5.923,5.182,2.647,3.732,1.297
16.4,5.828,5.09,2.549,3.647,1.197
16.5,5.735,4.996,2.45,3.561,1.097
16.6,5.642,4.902,2.35,3.474,0.997
16.7,5.551,4.807,2.25,3.386,0.897
16.8,5.459,4.711,2.15,3.294,0.808
16.9,5.369,4.614,2.05,3.201,0.727
17.0,5.279,4.516,1.95,3.105,0.654
17.1,5.191,4.418,1.85,3.008,0.589
17.2,5.103,4.319,1.75,2.91,0.53
17.3,5.016,4.219,1.65,2.811,0.477
17.4,4.93,4.119,1.551,2.711,0.429
17.5,4.845,4.02,1.454,2.611,0.386
17.6,4.761,3.92,1.362,2.511,0.348
17.7,4.678,3.82,1.274,2.412,0.313
17.8,4.596,3.72,1.192,2.313,0.282
17.9,4.514,3.621,1.114,2.214,0.254
18.0,4.432,3.522,1.041,2.117,0.228
18.1,4.35,3.425,0.973,2.022,0.205
18.2,4.267,3.328,0.908,1.93,0.185
18.3,4.183,3.233,0.847,1.841,0.166
18.4,4.097,3.137,0.79,1.754,0.15
18.5,4.011,3.039,0.735,1.67,0.135
18.6,3.923,2.941,0.684,1.589,0.121
18.7,3.833,2.843,0.636,1.51,0.109
18.8,18.138,17.602,16.652,16.92,16.467
18.9,18.093,17.547,16.633,16.906,16.442
19.0,18.048,17.492,16.611,16.889,16.409
19.1,18.001,17.438,16.586,16.871,16.366
19.2,17.953,17.384,16.558,16.851,16.316
19.3,17.905,17.33,16.527,16.829,16.257
19.4,17.857,17.278,16.493,16.806,16.192
19.5,17.808,17.227,16.457,16.782,16.12
19.6,17.759,17.178,16.418,16.756,16.044
19.7,17.709,17.13,16.376,16.728,15.964
19.8,17.66,17.083,16.332,16.699,15.88
19.9,17.611,17.038,16.284,16.669,15.793
20.0,17.563,16.993,16.236,16.638,15.704
20.1,17.514,16.949,16.186,16.605,15.613
20.2,17.466,16.906,16.136,16.57,15.52
20.3,17.418,16.864,16.084,16.534,15.427
20.4,17.371,16.823,16.031,16.497,15.332
20.5,17.324,16.782,15.978,16.458,15.236
20.6,17.277,16.742,15.923,16.418,15.139
20.7,17.231,16.702,15.867,16.376,15.042
20.8,17.185,16.663,15.81,16.333,14.944
20.9,17.14,16.624,15.751,16.289,14.846
21.0,17.095,16.586,15.691,16.244,14.748
21.1,17.051,16.548,15.629,16.197,14.649
21.2,17.007,16.51,15.565,16.149,14.55
21.3,16.963,16.473,15.496,16.1,14.451
21.4,16.92,16.436,15.421,16.049,14.352
21.5,16.877,16.399,15.343,15.997,14.252
21.6,16.835,16.362,15.26,15.944,14.153
21.7,16.792,16.325,15.174,15.889,14.053
21.8,16.751,16.289,15.086,15.833,13.953
21.9,16.709,16.251,14.995,15.776,13.854
22.0,16.668,16.213,14.902,15.714,13.754
22.1,16.627,16.173,14.808,15.649,13.654
22.2,16.586,16.132,14.712,15.58,13.554
22.3,16.545,16.091,14.615,15.508,13.454
22.4,16.505,16.049,14.516,15.433,13.355
22.5,16.464,16.006,14.417,15.355,13.255
22.6,16.424,15.961,14.317,15.275,13.155
22.7,16.384,15.917,14.217,15.193,13.055
22.8,16.344,15.871,14.117,15.109,12.955
22.9,16.304,15.824,14.017,15.023,12.855
23.0,16.263,15.776,13.917,14.935,12.755
23.1,16.222,15.723,13.817,14.845,12.655
23.2,16.179,15.666,13.717,14.754,12.555
23.3,16.136,15.605,13.617,14.662,12.455
23.4,16.093,15.54,13.517,14.568,12.355
23.5,16.048,15.471,13.417,14.473,12.255
23.6,16.003,15.399,13.317,14.377,12.155
23.7,15.957,15.324,13.217,14.281,12.055
23.8,15.91,15.246,13.117,14.185,11.955
23.9,15.863,15.166,13.017,14.088,11.855
24.0,15.814,15.083,12.918,13.991,11.755
24.1,15.765,14.998,12.818,13.894,11.655
24.2,15.711,14.911,12.72,13.796,11.555
24.3,15.652,14.822,12.622,13.698,11.455
24.4,15.59,14.732,12.523,13.6,11.355
24.5,15.524,14.639,12.424,13.502,11.255
24.6,15.454,14.546,12.324,13.403,11.155
24.7,15.381,14.451,12.225,13.304,11.055
24.8,15.306,14.356,12.125,13.205,10.955
24.9,15.227,14.261,12.025,13.106,10.855
25.0,15.147,14.165,11.925,13.007,10.755
25.1,15.063,14.069,11.825,12.908,10.655
25.2,14.978,13.972,11.725,12.808,10.555
25.3,14.891,13.876,11.625,12.709,10.455
25.4,14.802,13.779,11.525,12.61,10.355
25.5,14.711,13.681,11.425,12.511,10.255
25.6,14.619,13.584,11.325,12.411,10.155
25.7,14.526,13.486,11.225,12.312,10.055
25.8,14.431,13.388,11.126,12.212,9.955
25.9,14.337,13.29,11.026,12.113,9.855
26.0,14.242,13.192,10.927,12.013,9.755
26.1,14.146,13.093,10.829,11.914,9.655
26.2,14.05,12.995,10.729,11.814,9.555
26.3,13.955,12.896,10.629,11.715,9.455
26.4,13.858,12.798,10.529,11.616,9.355
26.5,13.762,12.699,10.429,11.516,9.255
26.6,13.665,12.6,10.329,11.417,9.155
26.7,13.568,12.501,10.229,11.318,9.055
26.8,13.471,12.402,10.129,11.219,8.955
26.9,13.374,12.303,10.029,11.121,8.855
27.0,13.276,12.204,9.929,11.022,8.755
27.1,13.178,12.106,9.829,10.924,8.655
27.2,13.081,12.007,9.729,10.826,8.555
27.3,12.983,11.908,9.629,10.728,8.455
27.4,12.885,11.81,9.529,10.63,8.355
27.5,12.787,11.711,9.43,10.533,8.255
27.6,12.688,11.613,9.33,10.435,8.155
27.7,12.59,11.514,9.23,10.336,8.055
27.8,12.492,11.416,9.13,10.236,7.955
27.9,12.394,11.318,9.03,10.136,7.855
28.0,12.295,11.22,8.93,10.036,7.755
28.1,12.197,11.122,8.83,9.936,7.655
28.2,12.099,11.024,8.73,9.837,7.555
28.3,12.001,10.926,8.63,9.737,7.455
28.4,11.903,10.829,8.531,9.638,7.355
28.5,11.805,10.732,8.431,9.539,7.255
28.6,11.707,10.635,8.332,9.441,7.155
28.7,11.609,10.538,8.233,9.345,7.055
28.8,11.511,10.44,8.134,9.248,6.955
28.9,11.413,10.341,8.034,9.15,6.855
29.0,11.315,10.242,7.934,9.052,6.755
29.1,11.218,10.142,7.834,8.954,6.655
29.2,11.12,10.042,7.734,8.855,6.555
29.3,11.023,9.942,7.634,8.756,6.455
29.4,10.926,9.842,7.535,8.657,6.355
29.5,10.829,9.743,7.435,8.557,6.255
29.6,10.732,9.644,7.336,8.457,6.155
29.7,10.635,9.545,7.236,8.358,6.055
29.8,10.539,9.448,7.136,8.258,5.955
29.9,10.441,9.351,7.036,8.158,5.855
30.0,10.343,9.255,6.936,8.058,5.755
30.1,10.244,9.157,6.836,7.958,5.655
30.2,10.145,9.059,6.736,7.858,5.555
30.3,10.045,8.961,6.636,7.758,5.455
30.4,9.945,8.863,6.537,7.658,5.355
30.5,9.845,8.764,6.437,7.559,5.255
30.6,9.745,8.664,6.337,7.46,5.155
30.7,9.646,8.565,6.237,7.361,5.055
30.8,9.548,8.466,6.137,7.262,4.955
30.9,9.451,8.366,6.037,7.164,4.855
31.0,9.354,8.266,5.937,7.066,4.755
31.1,9.258,8.166,5.837,6.968,4.655
31.2,9.16,8.066,5.737,6.87,4.555
31.3,9.062,7.966,5.637,6.771,4.455
31.4,8.964,7.866,5.538,6.671,4.355
31.5,8.866,7.766,5.438,6.572,4.255
31.6,8.767,7.667,5.338,6.472,4.155
31.7,8.668,7.567,5.238,6.372,4.055
31.8,8.568,7.468,5.138,6.272,3.955
31.9,8.469,7.369,5.038,6.172,3.855
32.0,8.369,7.27,4.938,6.072,3.755
32.1,8.269,7.171,4.838,5.973,3.655
32.2,8.169,7.073,4.738,5.874,3.555
32.3,8.069,6.976,4.639,5.776,3.455
32.4,7.969,6.877,4.539,5.678,3.355
32.5,7.869,6.778,4.44,5.579,3.255
32.6,7.77,6.679,4.34,5.48,3.155
32.7,7.67,6.579,4.24,5.381,3.055
32.8,7.57,6.48,4.14,5.282,2.955
32.9,7.471,6.38,4.04,5.182,2.855
33.0,7.372,6.28,3.941,5.083,2.755
33.1,7.273,6.18,3.841,4.983,2.655
33.2,7.175,6.08,3.741,4.883,2.555
33.3,7.077,5.981,3.641,4.783,2.455
33.4,6.98,5.882,3.541,4.683,2.355
33.5,6.882,5.784,3.442,4.583,2.255
33.6,6.783,5.685,3.342,4.483,2.155
33.7,6.684,5.587,3.243,4.383,2.055
33.8,6.584,5.488,3.143,4.284,1.955
33.9,6.484,5.388,3.043,4.184,1.855
34.0,6.384,5.289,2.943,4.084,1.755
34.1,6.284,5.19,2.844,3.985,1.655
34.2,6.184,5.09,2.744,3.886,1.555
34.3,6.085,4.99,2.644,3.787,1.455
34.4,5.985,4.89,2.544,3.688,1.355
34.5,5.887,4.79,2.444,3.59,1.255
34.6,5.788,4.69,2.344,3.492,1.155
34.7,5.69,4.59,2.245,3.395,1.055
34.8,5.591,4.49,2.146,3.297,0.955
34.9,5.492,4.39,2.046,3.198,0.86
35.0,5.393,4.291,1.947,3.099,0.774
35.1,5.294,4.191,1.848,2.999,0.696
35.2,5.194,4.091,1.748,2.9,0.627
35.3,5.094,3.992,1.65,2.8,0.564
35.4,4.995,3.893,1.555,2.7,0.508
35.5,4.895,3.794,1.463,2.6,0.457
35.6,4.795,3.695,1.376,2.5,0.411
35.7,4.695,3.597,1.292,2.4,0.37
35.8,4.595,3.499,1.212,2.301,0.333
35.9,4.495,3.402,1.136,2.205,0.3
36.0,4.395,3.304,1.064,2.11,0.27
36.1,4.295,3.206,0.995,2.018,0.243
36.2,4.195,3.108,0.931,1.927,0.218
36.3,4.096,3.009,0.87,1.84,0.197
36.4,3.997,2.912,0.812,1.754,0.177
36.5,3.898,2.815,0.758,1.672,0.159
36.6,3.8,2.719,0.707,1.592,0.143
36.7,3.703,2.625,0.66,1.514,0.129
36.8,3.606,2.532,0.616,1.44,0.116
36.9,3.511,2.44,0.575,1.368,0.104
37.0,7.072,8.08,9.804,9.054,10.228
37.1,7.17,8.157,9.841,9.118,10.326
37.2,7.266,8.228,9.882,9.178,10.421
37.3,7.359,8.293,9.928,9.234,10.513
37.4,7.448,8.351,9.977,9.287,10.601
37.5,7.532,8.403,10.028,9.336,10.684
37.6,7.611,8.448,10.111,9.384,10.762
37.7,7.683,8.487,10.188,9.45,10.833
37.8,7.75,8.52,10.259,9.509,10.897
37.9,7.809,8.551,10.323,9.56,10.954
38.0,7.861,8.574,10.38,9.604,11.003
38.1,7.905,8.588,10.429,9.639,11.043
38.2,7.941,8.594,10.47,9.666,11.076
38.3,7.968,8.59,10.503,9.684,11.099
38.4,7.987,8.578,10.526,9.693,11.114
38.5,7.998,8.557,10.541,9.693,11.119
38.6,7.999,8.528,10.547,9.684,11.116
38.7,7.992,8.49,10.544,9.666,11.103
38.8,7.977,8.444,10.532,9.64,11.081
38.9,7.952,8.39,10.51,9.604,11.051
39.0,7.919,8.329,10.481,9.561,11.012
39.1,7.878,8.26,10.442,9.51,10.964
39.2,7.83,8.186,10.395,9.45,10.909
39.3,7.773,8.155,10.341,9.384,10.847
39.4,7.71,8.122,10.278,9.311,10.777
39.5,7.64,8.085,10.209,9.233,10.701
39.6,7.566,8.044,10.134,9.148,10.619
39.7,7.488,7.999,10.052,9.061,10.533
39.8,7.406,7.95,9.966,8.972,10.443
39.9,7.321,7.897,9.875,8.884,10.351
40.0,7.234,7.841,9.781,8.797,10.258
40.1,7.145,7.782,9.683,8.71,10.163
40.2,7.054,7.719,9.584,8.625,10.067
40.3,6.961,7.653,9.484,8.54,9.97
40.4,6.867,7.585,9.385,8.456,9.872
40.5,6.773,7.513,9.286,8.373,9.774
40.6,6.677,7.44,9.188,8.29,9.675
40.7,6.581,7.364,9.093,8.208,9.576
40.8,6.484,7.287,9.0,8.126,9.477
40.9,6.386,7.208,8.91,8.045,9.377
41.0,6.288,7.127,8.824,7.964,9.277
41.1,6.19,7.046,8.741,7.884,9.178
41.2,6.092,6.965,8.663,7.805,9.078
41.3,5.993,6.885,8.589,7.727,8.978
41.4,5.894,6.807,8.519,7.649,8.879
41.5,5.795,6.726,8.455,7.572,8.779
41.6,5.696,6.644,8.395,7.495,8.68
41.7,5.596,6.56,8.341,7.418,8.581
41.8,5.497,6.474,8.293,7.341,8.482
41.9,5.397,6.387,8.246,7.263,8.383
42.0,5.298,6.298,8.2,7.184,8.284
42.1,5.198,6.208,8.155,7.104,8.186
42.2,5.098,6.117,8.112,7.022,8.09
42.3,4.999,6.025,8.069,6.94,7.995
42.4,4.899,5.931,8.028,6.856,7.901
42.5,4.799,5.838,7.988,6.771,7.808
42.6,4.699,5.746,7.95,6.686,7.716
42.7,4.599,5.654,7.913,6.6,7.624
42.8,4.499,5.562,7.877,6.514,7.533
42.9,4.399,5.468,7.842,6.428,7.442
43.0,4.3,5.374,7.809,6.341,7.352
43.1,4.2,5.279,7.774,6.254,7.262
43.2,4.1,5.183,7.738,6.167,7.173
43.3,4.0,5.086,7.699,6.08,7.084
43.4,3.9,4.989,7.659,5.993,6.994
43.5,3.8,4.891,7.618,5.905,6.905
43.6,3.7,4.793,7.575,5.816,6.816
43.7,3.6,4.694,7.53,5.726,6.727
43.8,3.5,4.595,7.483,5.635,6.638
43.9,3.4,4.495,7.435,5.542,6.549
44.0,3.3,4.395,7.385,5.448,6.46
44.1,3.2,4.296,7.329,5.354,6.37
44.2,3.1,4.196,7.267,5.258,6.28
44.3,3.0,4.097,7.201,5.162,6.19
44.4,2.9,3.997,7.13,5.065,6.099
44.5,2.8,3.897,7.056,4.968,6.008
44.6,2.7,3.797,6.977,4.87,5.917
44.7,2.6,3.698,6.896,4.773,5.825
44.8,2.5,3.598,6.811,4.674,5.733
44.9,2.4,3.498,6.724,4.576,5.639
45.0,2.3,3.399,6.635,4.478,5.543
45.1,2.2,3.3,6.543,4.38,5.447
45.2,2.1,3.2,6.452,4.282,5.349
45.3,2.0,3.101,6.361,4.183,5.251
45.4,1.9,3.001,6.27,4.085,5.153
45.5,1.8,2.901,6.179,3.986,5.054
45.6,1.7,2.801,6.089,3.887,4.956
45.7,1.6,2.701,6.0,3.789,4.858
45.8,1.5,2.601,5.911,3.69,4.76
45.9,1.4,2.502,5.823,3.591,4.663
46.0,1.3,2.404,5.734,3.493,4.567
46.1,1.2,2.305,5.643,3.394,4.472
46.2,1.1,2.205,5.55,3.295,4.376
46.3,1.0,2.105,5.456,3.197,4.28
46.4,0.9,2.005,5.361,3.098,4.183
46.5,0.81,1.905,5.265,3.0,4.085
46.6,0.729,1.807,5.167,2.902,3.987
46.7,0.656,1.711,5.069,2.805,3.888
46.8,0.591,1.618,4.97,2.708,3.789
46.9,0.531,1.527,4.871,2.612,3.69
47.0,0.478,1.44,4.772,2.518,3.59
47.1,0.43,1.356,4.673,2.424,3.49
47.2,0.387,1.275,4.574,2.332,3.391
47.3,0.349,1.198,4.476,2.242,3.291
47.4,0.314,1.125,4.378,2.154,3.192
47.5,0.282,1.054,4.28,2.067,3.093
47.6,0.254,0.988,4.182,1.98,2.996
47.7,0.229,0.925,4.083,1.894,2.899
47.8,0.206,0.865,3.985,1.81,2.803
47.9,0.185,0.808,3.887,1.727,2.709
48.0,0.167,0.755,3.789,1.646,2.617
48.1,0.15,0.705,3.691,1.568,2.526
48.2,0.135,0.658,3.593,1.491,2.438
48.3,0.122,0.613,3.497,1.417,2.352
48.4,0.109,0.572,3.4,1.346,2.268
48.5,11.687,11.269,8.584,10.654,9.709
48.6,11.785,11.305,8.682,10.714,9.793
48.7,11.884,11.345,8.776,10.768,9.876
48.8,11.984,11.389,8.868,10.817,9.955
48.9,12.084,11.436,8.955,10.86,10.03
49.0,12.182,11.484,9.037,10.898,10.102
49.1,12.277,11.532,9.114,10.932,10.171
49.2,12.369,11.605,9.184,10.962,10.256
49.3,12.456,11.671,9.247,11.007,10.335
49.4,12.539,11.73,9.304,11.045,10.408
49.5,12.615,11.781,9.352,11.073,10.475
49.6,12.686,11.824,9.392,11.093,10.535
49.7,12.749,11.858,9.424,11.104,10.587
49.8,12.805,11.884,9.447,11.105,10.63
49.9,12.853,11.901,9.462,11.098,10.666
50.0,12.892,11.908,9.467,11.081,10.693
50.1,12.923,11.907,9.464,11.056,10.711
50.2,12.945,11.896,9.452,11.022,10.72
50.3,12.958,11.876,9.43,10.979,10.72
50.4,12.961,11.848,9.401,10.929,10.71
50.5,12.956,11.81,9.362,10.87,10.692
50.6,12.941,11.764,9.316,10.805,10.665
50.7,12.917,11.711,9.262,10.734,10.63
50.8,12.884,11.649,9.2,10.657,10.586
50.9,12.843,11.581,9.132,10.575,10.534
51.0,12.793,11.506,9.059,10.49,10.474
51.1,12.736,11.425,8.981,10.401,10.407
51.2,12.671,11.339,8.9,10.31,10.334
51.3,12.599,11.248,8.816,10.216,10.254
51.4,12.521,11.154,8.729,10.121,10.169
51.5,12.437,11.057,8.639,10.026,10.08
51.6,12.349,10.958,8.548,9.931,9.986
51.7,12.256,10.858,8.456,9.836,9.89
51.8,12.161,10.758,8.362,9.74,9.791
51.9,12.064,10.659,8.267,9.645,9.692
52.0,11.965,10.562,8.172,9.549,9.592
52.1,11.865,10.466,8.075,9.452,9.492
52.2,11.765,10.373,7.978,9.356,9.395
52.3,11.665,10.283,7.881,9.259,9.3
52.4,11.566,10.197,7.783,9.162,9.209
52.5,11.467,10.114,7.685,9.065,9.123
52.6,11.369,10.035,7.586,8.968,9.041
52.7,11.273,9.96,7.487,8.87,8.964
52.8,11.177,9.89,7.388,8.773,8.893
52.9,11.083,9.824,7.289,8.675,8.829
53.0,10.991,9.762,7.19,8.578,8.771
53.1,10.901,9.706,7.091,8.48,8.719
53.2,10.812,9.655,6.991,8.382,8.675
53.3,10.725,9.609,6.891,8.285,8.638
53.4,10.64,9.568,6.792,8.187,8.608
53.5,10.557,9.533,6.692,8.089,8.586
53.6,10.476,9.499,6.592,7.991,8.571
53.7,10.397,9.465,6.493,7.894,8.565
53.8,10.321,9.432,6.393,7.796,8.567
53.9,10.249,9.399,6.293,7.698,8.577
54.0,10.179,9.368,6.193,7.6,8.595
54.1,10.112,9.336,6.093,7.501,8.613
54.2,10.048,9.306,5.993,7.402,8.632
54.3,9.986,9.276,5.893,7.302,8.65
54.4,9.927,9.247,5.793,7.203,8.67
54.5,9.871,9.219,5.693,7.103,8.689
54.6,9.817,9.191,5.593,7.004,8.709
54.7,9.766,9.162,5.493,6.905,8.73
54.8,9.718,9.13,5.393,6.806,8.75
54.9,9.674,9.097,5.293,6.707,8.772
55.0,9.633,9.062,5.194,6.609,8.79
55.1,9.595,9.026,5.094,6.511,8.805
55.2,9.559,8.987,4.994,6.414,8.817
55.3,9.524,8.947,4.894,6.317,8.827
55.4,9.492,8.906,4.794,6.219,8.834
55.5,9.46,8.862,4.694,6.12,8.838
55.6,9.43,8.817,4.594,6.021,8.841
55.7,9.4,8.766,4.494,5.922,8.841
55.8,9.37,8.709,4.394,5.822,8.839
55.9,9.341,8.647,4.294,5.722,8.834
56.0,9.311,8.581,4.194,5.622,8.828
56.1,9.282,8.511,4.094,5.522,8.82
56.2,9.251,8.437,3.994,5.423,8.809
56.3,9.22,8.359,3.894,5.323,8.797
56.4,9.188,8.279,3.794,5.224,8.782
56.5,9.155,8.195,3.694,5.126,8.765
56.6,9.12,8.109,3.594,5.027,8.745
56.7,9.085,8.021,3.494,4.928,8.718
56.8,9.048,7.931,3.394,4.829,8.683
56.9,9.011,7.838,3.294,4.73,8.641
57.0,8.972,7.744,3.194,4.63,8.593
57.1,8.932,7.647,3.094,4.53,8.539
57.2,8.892,7.55,2.994,4.43,8.479
57.3,8.85,7.451,2.894,4.33,8.414
57.4,8.808,7.352,2.794,4.23,8.345
57.5,8.765,7.252,2.694,4.13,8.271
57.6,8.722,7.153,2.594,4.031,8.193
57.7,8.674,7.053,2.494,3.931,8.112
57.8,8.623,6.954,2.394,3.831,8.027
57.9,8.567,6.854,2.294,3.731,7.938
58.0,8.508,6.755,2.194,3.631,7.847
58.1,8.446,6.655,2.094,3.531,7.753
58.2,8.381,6.556,1.994,3.432,7.657
58.3,8.314,6.456,1.894,3.332,7.56
58.4,8.244,6.357,1.794,3.232,7.461
58.5,8.173,6.257,1.694,3.132,7.361
58.6,8.099,6.157,1.594,3.032,7.262
58.7,8.023,6.058,1.494,2.933,7.162
58.8,7.945,5.958,1.394,2.834,7.063
58.9,7.865,5.858,1.294,2.734,6.963
59.0,7.783,5.758,1.194,2.635,6.863
59.1,7.7,5.658,1.094,2.536,6.763
59.2,7.614,5.559,0.994,2.436,6.664
59.3,7.527,5.46,0.894,2.337,6.564
59.4,7.439,5.363,0.805,2.237,6.464
59.5,7.35,5.266,0.724,2.138,6.365
59.6,7.26,5.17,0.652,2.038,6.265
59.7,7.17,5.076,0.587,1.939,6.165
59.8,7.079,4.981,0.528,1.839,6.065
59.9,6.987,4.885,0.475,1.739,5.965
60.0,6.895,4.788,0.428,1.639,5.865
60.1,6.802,4.69,0.385,1.539,5.765
60.2,6.709,4.592,0.346,1.44,5.666
60.3,6.616,4.493,0.312,1.346,5.567
60.4,6.522,4.394,0.281,1.258,5.469
60.5,6.427,4.294,0.253,1.175,5.371
60.6,6.332,4.195,0.227,1.098,5.275
60.7,6.237,4.095,0.205,1.026,5.179
60.8,6.141,3.995,0.184,0.959,5.086
60.9,6.044,3.895,0.166,0.897,4.991
61.0,5.946,3.795,0.149,0.838,4.895
61.1,5.848,3.695,0.134,0.781,4.798
61.2,5.749,3.595,0.121,0.728,4.701
61.3,5.651,3.496,0.109,0.677,4.603
61.4,7.525,5.427,2.233,2.751,6.524
61.5,7.43,5.327,2.142,2.701,6.428
61.6,7.335,5.227,2.05,2.646,6.331
61.7,7.239,5.127,1.957,2.587,6.233
61.8,7.143,5.027,1.863,2.525,6.136
61.9,7.047,4.927,1.769,2.459,6.038
62.0,6.95,4.827,1.675,2.389,5.94
62.1,6.853,4.727,1.58,2.317,5.841
62.2,6.756,4.627,1.484,2.243,5.742
62.3,6.659,4.527,1.389,2.166,5.644
62.4,6.562,4.427,1.293,2.087,5.545
62.5,6.464,4.327,1.197,2.007,5.446
62.6,6.367,4.227,1.101,1.926,5.347
62.7,6.269,4.127,1.005,1.845,5.247
62.8,6.172,4.027,0.908,1.763,5.148
62.9,6.074,3.927,0.821,1.683,5.049
63.0,5.976,3.828,0.742,1.606,4.949
63.1,5.879,3.728,0.671,1.532,4.85
63.2,5.781,3.628,0.607,1.458,4.75
63.3,5.683,3.528,0.549,1.384,4.651
63.4,5.585,3.428,0.496,1.311,4.551
63.5,5.487,3.328,0.449,1.24,4.451
63.6,5.39,3.229,0.406,1.17,4.352
63.7,5.292,3.129,0.367,1.102,4.252
63.8,5.194,3.029,0.332,1.036,4.152
63.9,5.096,2.929,0.3,0.973,4.053
64.0,4.998,2.83,0.272,0.912,3.953
64.1,4.9,2.73,0.246,0.854,3.853
64.2,4.802,2.631,0.223,0.798,3.753
64.3,4.704,2.531,0.201,0.746,3.654
64.4,4.606,2.432,0.182,0.696,3.554
64.5,4.508,2.332,0.165,0.649,3.454
64.6,4.41,2.232,0.149,0.605,3.354
64.7,4.312,2.133,0.135,0.565,3.254
64.8,4.214,2.033,0.122,0.528,3.154
64.9,4.115,1.933,0.111,0.495,3.055
65.0,4.017,1.834,0.1,0.466,2.955
65.1,8.108,8.987,10.053,9.777,8.373
65.2,8.134,9.044,10.153,9.809,8.419
65.3,8.151,9.109,10.251,9.844,8.476
65.4,8.16,9.178,10.346,9.881,8.54
65.5,8.16,9.247,10.439,9.964,8.613
65.6,8.151,9.318,10.527,10.042,8.692
65.7,8.134,9.387,10.611,10.113,8.774
65.8,8.108,9.456,10.689,10.178,8.86
65.9,8.074,9.522,10.761,10.235,8.946
66.0,8.031,9.585,10.826,10.285,9.034
66.1,7.981,9.646,10.883,10.326,9.121
66.2,7.923,9.703,10.933,10.359,9.221
66.3,7.858,9.757,10.975,10.384,9.321
66.4,7.788,9.808,11.008,10.399,9.419
66.5,7.712,9.855,11.033,10.406,9.514
66.6,7.633,9.899,11.049,10.403,9.608
66.7,7.551,9.94,11.053,10.393,9.697
66.8,7.465,9.978,11.051,10.377,9.782
66.9,7.378,10.012,11.042,10.357,9.862
67.0,7.288,10.042,11.026,10.332,9.935
67.1,7.196,10.068,11.003,10.304,10.002
67.2,7.104,10.09,10.974,10.272,10.062
67.3,7.01,10.108,10.939,10.236,10.114
67.4,6.915,10.121,10.899,10.195,10.159
67.5,6.819,10.131,10.859,10.149,10.195
67.6,6.722,10.136,10.818,10.096,10.222
67.7,6.625,10.138,10.776,10.014,10.24
67.8,6.528,10.136,10.735,9.928,10.25
67.9,6.43,10.129,10.694,9.839,10.251
68.0,6.331,10.118,10.654,9.748,10.242
68.1,6.233,10.1,10.614,9.655,10.225
68.2,6.134,10.077,10.574,9.561,10.199
68.3,6.035,10.048,10.534,9.465,10.164
68.4,5.936,10.013,10.493,9.368,10.121
68.5,5.837,9.971,10.451,9.27,10.069
68.6,5.737,9.923,10.407,9.171,10.011
68.7,5.638,9.87,10.362,9.072,9.944
68.8,5.538,9.812,10.314,8.972,9.872
68.9,5.439,9.75,10.264,8.872,9.793
69.0,5.339,9.683,10.212,8.772,9.709
69.1,5.239,9.613,10.157,8.672,9.62
69.2,5.139,9.539,10.1,8.572,9.528
69.3,5.04,9.462,10.041,8.473,9.432
69.4,4.94,9.383,9.98,8.374,9.335
69.5,4.84,9.302,9.917,8.276,9.236
69.6,4.74,9.218,9.851,8.178,9.137
69.7,4.64,9.132,9.785,8.08,9.037
69.8,4.54,9.045,9.716,7.982,8.937
69.9,4.44,8.957,9.646,7.884,8.838
70.0,4.34,8.867,9.574,7.785,8.739
70.1,4.24,8.776,9.502,7.687,8.642
70.2,4.14,8.685,9.428,7.588,8.547
70.3,4.04,8.593,9.353,7.489,8.455
70.4,3.941,8.5,9.277,7.391,8.364
70.5,3.841,8.407,9.2,7.292,8.277
70.6,3.741,8.315,9.123,7.193,8.194
70.7,3.641,8.222,9.045,7.095,8.115
70.8,3.541,8.128,8.966,6.997,8.04
70.9,3.441,8.034,8.886,6.901,7.972
71.0,3.341,7.94,8.806,6.805,7.908
71.1,3.241,7.845,8.724,6.71,7.847
71.2,3.141,7.749,8.642,6.617,7.79
71.3,3.041,7.654,8.559,6.524,7.736
71.4,2.941,7.558,8.475,6.434,7.684
71.5,2.841,7.462,8.39,6.344,7.634
71.6,2.741,7.366,8.304,6.257,7.586
71.7,2.641,7.27,8.218,6.171,7.54
71.8,2.541,7.174,8.13,6.085,7.494
71.9,2.441,7.078,8.046,5.997,7.449
72.0,2.341,6.983,7.967,5.909,7.401
72.1,2.241,6.888,7.892,5.821,7.35
72.2,2.141,6.794,7.821,5.731,7.297
72.3,2.041,6.702,7.754,5.641,7.24
72.4,1.941,6.61,7.69,5.55,7.18
72.5,1.841,6.519,7.629,5.459,7.119
72.6,1.741,6.43,7.57,5.367,7.058
72.7,1.641,6.342,7.514,5.274,6.995
72.8,1.541,6.256,7.459,5.181,6.932
72.9,1.441,6.171,7.405,5.087,6.868
73.0,1.341,6.086,7.353,4.991,6.803
73.1,1.241,5.999,7.3,4.895,6.738
73.2,1.141,5.912,7.247,4.799,6.673
73.3,1.041,5.824,7.194,4.701,6.607
73.4,0.941,5.735,7.14,4.603,6.541
73.5,0.847,5.645,7.084,4.505,6.475
73.6,0.762,5.555,7.027,4.406,6.409
73.7,0.686,5.464,6.969,4.306,6.343
73.8,0.617,5.372,6.909,4.206,6.276
73.9,0.555,5.28,6.847,4.106,6.21
74.0,0.5,5.186,6.784,4.007,6.141
74.1,0.45,5.092,6.72,3.907,6.069
74.2,0.405,4.997,6.654,3.807,5.993
74.3,0.364,4.901,6.587,3.707,5.915
74.4,0.328,4.804,6.518,3.607,5.835
74.5,0.295,4.706,6.449,3.507,5.752
74.6,0.266,4.608,6.379,3.407,5.667
74.7,0.239,4.509,6.309,3.307,5.58
74.8,0.215,4.41,6.239,3.208,5.491
74.9,0.194,4.311,6.167,3.108,5.4
75.0,0.174,4.211,6.093,3.009,5.308
75.1,0.157,4.111,6.017,2.909,5.214
75.2,0.141,4.011,5.94,2.81,5.118
75.3,0.127,3.911,5.862,2.711,5.021
75.4,0.114,3.811,5.782,2.611,4.924
75.5,0.103,3.711,5.701,2.512,4.826
75.6,4.408,6.032,7.318,5.197,6.866
75.7,4.403,5.96,7.272,5.134,6.799
75.8,4.39,5.89,7.223,5.074,6.731
75.9,4.37,5.82,7.172,5.016,6.664
76.0,4.342,5.751,7.12,4.959,6.596
76.1,4.307,5.684,7.065,4.905,6.528
76.2,4.264,5.617,7.009,4.852,6.46
76.3,4.214,5.552,6.952,4.802,6.392
76.4,4.158,5.488,6.893,4.754,6.325
76.5,4.095,5.425,6.834,4.708,6.257
76.6,4.028,5.364,6.773,4.664,6.19
76.7,3.955,5.303,6.712,4.622,6.123
76.8,3.879,5.244,6.65,4.583,6.057
76.9,3.799,5.187,6.587,4.546,5.991
77.0,3.717,5.131,6.524,4.511,5.926
77.1,3.632,5.076,6.461,4.479,5.861
77.2,3.545,5.023,6.398,4.45,5.797
77.3,3.456,4.971,6.334,4.422,5.733
77.4,3.365,4.921,6.27,4.398,5.671
77.5,3.274,4.873,6.207,4.376,5.608
77.6,3.181,4.826,6.143,4.356,5.547
77.7,3.087,4.781,6.079,4.34,5.487
77.8,2.993,4.738,6.016,4.326,5.427
77.9,2.898,4.696,5.953,4.315,5.369
78.0,2.802,4.657,5.89,4.3,5.311
78.1,2.706,4.619,5.828,4.281,5.255
78.2,2.609,4.583,5.766,4.259,5.199
78.3,2.512,4.55,5.705,4.235,5.145
78.4,2.414,4.518,5.644,4.207,5.092
78.5,2.316,4.488,5.584,4.176,5.04
78.6,2.218,4.461,5.525,4.143,4.99
78.7,2.12,4.435,5.467,4.107,4.941
78.8,2.022,4.412,5.409,4.068,4.893
78.9,1.923,4.391,5.352,4.028,4.846
79.0,1.824,4.373,5.296,3.984,4.802
79.1,1.726,4.356,5.241,3.938,4.758
79.2,1.627,4.336,5.187,3.89,4.716
79.3,1.528,4.313,5.134,3.838,4.676
79.4,1.429,4.287,5.083,3.783,4.638
79.5,1.33,4.258,5.032,3.724,4.601
79.6,1.23,4.226,4.983,3.661,4.566
79.7,1.131,4.192,4.935,3.594,4.533
79.8,1.032,4.155,4.888,3.523,4.502
79.9,0.933,4.116,4.843,3.45,4.472
80.0,0.84,4.076,4.799,3.373,4.445
80.1,0.757,4.033,4.757,3.293,4.419
80.2,0.682,3.988,4.717,3.21,4.396
80.3,0.614,3.94,4.677,3.125,4.369
80.4,0.554,3.891,4.64,3.037,4.34
80.5,0.499,3.839,4.604,2.947,4.308
80.6,0.449,3.784,4.571,2.856,4.273
80.7,0.405,3.725,4.539,2.764,4.237
80.8,0.365,3.661,4.508,2.672,4.199
80.9,0.329,3.595,4.48,2.579,4.159
81.0,0.296,3.524,4.454,2.486,4.117
81.1,0.267,3.451,4.429,2.392,4.073
81.2,0.24,3.374,4.407,2.298,4.028
81.3,0.217,3.294,4.387,2.204,3.981
81.4,0.195,3.212,4.363,2.109,3.933
81.5,0.176,3.127,4.336,2.013,3.882
81.6,0.159,3.039,4.307,1.917,3.83
81.7,0.143,2.949,4.275,1.82,3.775
81.8,0.129,2.859,4.241,1.722,3.716
81.9,0.116,2.767,4.204,1.624,3.653
82.0,0.105,2.676,4.166,1.525,3.587
82.1,8.019,10.51,11.755,9.347,11.379
82.2,7.92,10.419,11.742,9.247,11.317
82.3,7.821,10.325,11.719,9.147,11.25
82.4,7.721,10.231,11.688,9.047,11.178
82.5,7.622,10.135,11.649,8.948,11.101
82.6,7.522,10.038,11.602,8.849,11.021
82.7,7.422,9.941,11.549,8.751,10.938
82.8,7.323,9.843,11.491,8.652,10.852
82.9,7.223,9.744,11.428,8.553,10.764
83.0,7.123,9.646,11.361,8.454,10.674
83.1,7.023,9.546,11.29,8.354,10.583
83.2,6.923,9.447,11.217,8.255,10.491
83.3,6.823,9.348,11.142,8.155,10.397
83.4,6.723,9.248,11.065,8.055,10.303
83.5,6.624,9.149,10.986,7.955,10.208
83.6,6.524,9.049,10.905,7.855,10.112
83.7,6.424,8.951,10.824,7.755,10.016
83.8,6.324,8.852,10.741,7.655,9.919
83.9,6.224,8.754,10.658,7.555,9.823
84.0,6.124,8.655,10.573,7.456,9.726
84.1,6.024,8.556,10.489,7.356,9.628
84.2,5.924,8.457,10.403,7.256,9.531
84.3,5.824,8.357,10.317,7.156,9.433
84.4,5.724,8.258,10.231,7.056,9.335
84.5,5.624,8.158,10.144,6.956,9.237
84.6,5.524,8.058,10.057,6.856,9.139
84.7,5.424,7.958,9.969,6.756,9.041
84.8,5.324,7.858,9.881,6.657,8.943
84.9,5.224,7.758,9.792,6.557,8.845
85.0,5.124,7.658,9.704,6.458,8.747
85.1,5.024,7.558,9.615,6.359,8.649
85.2,4.924,7.459,9.525,6.26,8.551
85.3,4.824,7.359,9.435,6.16,8.452
85.4,4.724,7.259,9.344,6.06,8.352
85.5,4.624,7.159,9.253,5.96,8.253
85.6,4.524,7.059,9.161,5.86,8.153
85.7,4.424,6.959,9.068,5.76,8.053
85.8,4.324,6.859,8.974,5.661,7.953
85.9,4.224,6.759,8.881,5.561,7.853
86.0,4.124,6.66,8.786,5.461,7.754
86.1,4.024,6.56,8.691,5.361,7.655
86.2,3.924,6.461,8.596,5.262,7.556
86.3,3.824,6.361,8.5,5.162,7.458
86.4,3.724,6.262,8.404,5.063,7.359
86.5,3.624,6.164,8.307,4.963,7.259
86.6,3.524,6.065,8.211,4.864,7.16
86.7,3.424,5.967,8.114,4.764,7.06
86.8,3.324,5.87,8.018,4.665,6.961
86.9,3.224,5.772,7.922,4.565,6.861
87.0,3.124,5.676,7.826,4.465,6.761
87.1,3.024,5.579,7.73,4.366,6.661
87.2,2.924,5.483,7.635,4.266,6.562
87.3,2.824,5.388,7.541,4.166,6.462
87.4,2.724,5.293,7.445,4.066,6.363
87.5,2.624,5.198,7.349,3.966,6.263
87.6,2.524,5.104,7.251,3.866,6.164
87.7,2.424,5.009,7.153,3.766,6.065
87.8,2.324,4.913,7.055,3.667,5.967
87.9,2.224,4.817,6.956,3.568,5.869
88.0,2.124,4.719,6.857,3.468,5.771
88.1,2.024,4.621,6.757,3.368,5.674
88.2,1.924,4.522,6.657,3.268,5.577
88.3,1.824,4.422,6.557,3.168,5.481
88.4,1.724,4.323,6.457,3.068,5.385
88.5,1.624,4.223,6.357,2.969,5.291
88.6,1.524,4.123,6.257,2.869,5.197
88.7,1.424,4.023,6.158,2.77,5.103
88.8,1.324,3.923,6.058,2.67,5.009
88.9,1.224,3.823,5.959,2.57,4.914
89.0,1.124,3.723,5.86,2.471,4.817
89.1,1.024,3.624,5.762,2.371,4.72
89.2,0.924,3.524,5.664,2.271,4.622
89.3,0.831,3.424,5.567,2.171,4.523
89.4,0.748,3.324,5.47,2.071,4.424
89.5,0.674,3.224,5.375,1.971,4.324
89.6,0.606,3.124,5.28,1.871,4.224
89.7,0.546,3.025,5.186,1.771,4.125
89.8,0.491,2.926,5.092,1.671,4.025
89.9,0.442,2.827,4.997,1.572,3.925
90.0,0.398,2.728,4.901,1.475,3.825
90.1,0.358,2.629,4.805,1.383,3.725
90.2,0.322,2.529,4.708,1.297,3.625
90.3,0.29,2.43,4.611,1.214,3.525
90.4,0.261,2.33,4.513,1.136,3.425
90.5,0.235,2.23,4.414,1.061,3.325
90.6,0.211,2.13,4.315,0.99,3.226
90.7,0.19,2.033,4.216,0.924,3.126
90.8,0.171,1.939,4.117,0.861,3.028
90.9,0.154,1.848,4.018,0.802,2.93
91.0,0.139,1.76,3.919,0.747,2.834
91.1,0.125,1.674,3.82,0.696,2.738
91.2,0.112,1.592,3.721,0.648,2.644
91.3,0.101,1.513,3.623,0.603,2.55
91.4,5.9,6.169,7.212,6.0,6.535
91.5,5.881,6.145,7.15,5.974,6.49
91.6,5.854,6.12,7.089,5.945,6.447
91.7,5.819,6.096,7.029,5.912,6.404
91.8,5.777,6.071,6.97,5.877,6.363
91.9,5.727,6.046,6.912,5.838,6.323
92.0,5.669,6.021,6.855,5.797,6.284
92.1,5.606,5.996,6.8,5.753,6.246
92.2,5.536,5.97,6.746,5.712,6.209
92.3,5.462,5.944,6.693,5.675,6.173
92.4,5.384,5.917,6.641,5.642,6.138
92.5,5.303,5.89,6.591,5.614,6.104
92.6,5.219,5.862,6.542,5.591,6.071
92.7,5.132,5.836,6.494,5.572,6.038
92.8,5.044,5.81,6.447,5.552,6.007
92.9,4.953,5.783,6.402,5.53,5.975
93.0,4.861,5.755,6.357,5.507,5.945
93.1,4.768,5.726,6.314,5.481,5.915
93.2,4.674,5.697,6.272,5.454,5.886
93.3,4.579,5.668,6.231,5.425,5.857
93.4,4.483,5.637,6.191,5.394,5.829
93.5,4.387,5.607,6.153,5.361,5.802
93.6,4.29,5.575,6.115,5.325,5.775
93.7,4.193,5.543,6.078,5.287,5.748
93.8,4.095,5.511,6.042,5.244,5.722
93.9,3.997,5.478,6.007,5.198,5.696
94.0,3.899,5.445,5.973,5.149,5.669
94.1,3.8,5.411,5.939,5.096,5.643
94.2,3.701,5.378,5.907,5.041,5.615
94.3,3.602,5.345,5.875,4.979,5.588
94.4,3.503,5.311,5.844,4.91,5.56
94.5,3.404,5.279,5.814,4.835,5.532
94.6,3.305,5.246,5.785,4.755,5.504
94.7,3.205,5.207,5.756,4.67,5.475
94.8,3.106,5.161,5.728,4.58,5.447
94.9,3.006,5.11,5.701,4.489,5.419
95.0,2.906,5.053,5.675,4.396,5.392
95.1,2.807,4.991,5.648,4.302,5.364
95.2,2.707,4.925,5.621,4.207,5.337
95.3,2.607,4.856,5.594,4.11,5.311
95.4,2.508,4.783,5.567,4.013,5.285
95.5,2.408,4.707,5.54,3.915,5.259
95.6,2.308,4.629,5.513,3.816,5.234
95.7,2.208,4.549,5.486,3.717,5.208
95.8,2.108,4.467,5.459,3.618,5.177
95.9,2.008,4.384,5.432,3.518,5.138
96.0,1.908,4.3,5.406,3.418,5.094
96.1,1.809,4.216,5.379,3.318,5.043
96.2,1.709,4.132,5.353,3.218,4.986
96.3,1.609,4.047,5.328,3.119,4.924
96.4,1.509,3.961,5.302,3.019,4.857
96.5,1.409,3.875,5.277,2.92,4.786
96.6,1.309,3.788,5.253,2.82,4.711
96.7,1.209,3.701,5.228,2.72,4.633
96.8,1.109,3.613,5.197,2.62,4.552
96.9,1.009,3.525,5.16,2.52,4.469
97.0,0.909,3.437,5.116,2.42,4.385
97.1,0.818,3.348,5.067,2.32,4.3
97.2,0.737,3.26,5.012,2.221,4.214
97.3,0.663,3.17,4.951,2.122,4.128
97.4,0.597,3.081,4.887,2.022,4.042
97.5,0.537,2.991,4.818,1.923,3.955
97.6,0.483,2.9,4.746,1.823,3.868
97.7,0.435,2.809,4.671,1.723,3.781
97.8,0.392,2.718,4.593,1.623,3.693
97.9,0.353,2.625,4.512,1.523,3.605
98.0,0.317,2.533,4.43,1.423,3.516
98.1,0.286,2.439,4.346,1.328,3.427
98.2,0.257,2.346,4.262,1.24,3.337
98.3,0.231,2.253,4.177,1.157,3.247
98.4,0.208,2.161,4.092,1.079,3.157
98.5,0.187,2.07,4.007,1.006,3.066
98.6,0.169,1.98,3.921,0.939,2.975
98.7,0.152,1.891,3.835,0.877,2.884
98.8,0.137,1.804,3.748,0.819,2.794
98.9,0.123,1.718,3.662,0.767,2.704
99.0,0.111,1.635,3.575,0.719,2.615
99.1,20.722,20.354,20.128,20.787,20.287
99.2,20.738,20.366,20.149,20.8,20.29
99.3,20.745,20.37,20.161,20.809,20.285
99.4,20.742,20.367,20.163,20.814,20.272
99.5,20.729,20.357,20.156,20.812,20.252
99.6,20.708,20.34,20.139,20.805,20.223
99.7,20.677,20.316,20.112,20.791,20.188
99.8,20.637,20.274,20.077,20.77,20.145
99.9,20.588,20.224,20.033,20.742,20.095
100.0,20.532,20.166,19.981,20.706,20.038
100.1,20.467,20.101,19.921,20.664,19.974
100.2,20.396,20.028,19.854,20.615,19.895
100.3,20.318,19.949,19.781,20.559,19.809
100.4,20.235,19.865,19.703,20.498,19.719
100.5,20.146,19.775,19.622,20.431,19.626
100.6,20.054,19.682,19.537,20.361,19.529
100.7,19.958,19.586,19.45,20.286,19.43
100.8,19.86,19.487,19.36,20.209,19.33
100.9,19.76,19.387,19.268,20.126,19.23
101.0,19.66,19.287,19.175,20.04,19.131
101.1,19.561,19.188,19.081,19.951,19.097
101.2,19.463,19.091,18.986,19.862,19.065
101.3,19.368,18.996,18.89,19.773,19.035
101.4,19.276,18.905,18.793,19.686,19.008
101.5,19.189,18.819,18.695,19.6,18.98
101.6,19.106,18.741,18.597,19.517,18.949
101.7,19.028,18.673,18.499,19.436,18.912
101.8,18.954,18.614,18.401,19.358,18.87
101.9,18.886,18.571,18.302,19.284,18.823
102.0,18.822,18.532,18.203,19.215,18.773
102.1,18.763,18.496,18.104,19.15,18.719
102.2,18.727,18.463,18.004,19.09,18.662
102.3,18.694,18.432,17.905,19.034,18.603
102.4,18.665,18.404,17.805,18.982,18.541
102.5,18.64,18.378,17.706,18.935,18.476
102.6,18.617,18.354,17.606,18.891,18.409
102.7,18.597,18.332,17.506,18.852,18.34
102.8,18.58,18.306,17.406,18.816,18.265
102.9,18.565,18.278,17.306,18.784,18.187
103.0,18.553,18.248,17.207,18.749,18.105
103.1,18.543,18.215,17.107,18.712,18.02
103.2,18.536,18.18,17.007,18.672,17.934
103.3,18.531,18.144,16.907,18.631,17.846
103.4,18.528,18.105,16.807,18.588,17.757
103.5,18.52,18.065,16.707,18.545,17.669
103.6,18.508,18.025,16.607,18.501,17.579
103.7,18.494,17.982,16.507,18.456,17.488
103.8,18.476,17.938,16.407,18.41,17.397
103.9,18.456,17.892,16.307,18.363,17.305
104.0,18.434,17.843,16.207,18.316,17.212
104.1,18.41,17.792,16.107,18.267,17.118
104.2,18.384,17.738,16.007,18.218,17.024
104.3,18.357,17.681,15.907,18.167,16.93
104.4,18.329,17.621,15.807,18.115,16.835
104.5,18.299,17.557,15.707,18.062,16.74
104.6,18.268,17.491,15.607,18.007,16.646
104.7,18.236,17.422,15.507,17.952,16.552
104.8,18.202,17.35,15.407,17.895,16.458
104.9,18.167,17.276,15.307,17.837,16.365
105.0,18.131,17.2,15.207,17.778,16.273
105.1,18.094,17.123,15.107,17.718,16.178
105.2,18.055,17.044,15.007,17.657,16.082
105.3,18.015,16.963,14.907,17.594,15.985
105.4,17.974,16.881,14.807,17.53,15.887
105.5,17.931,16.797,14.707,17.465,15.789
105.6,17.887,16.712,14.607,17.398,15.69
105.7,17.841,16.627,14.507,17.329,15.592
105.8,17.793,16.54,14.407,17.26,15.493
105.9,17.743,16.452,14.307,17.188,15.395
106.0,17.692,16.363,14.207,17.115,15.297
106.1,17.638,16.273,14.107,17.041,15.198
106.2,17.583,16.182,14.007,16.965,15.1
106.3,17.526,16.091,13.907,16.888,15.002
106.4,17.467,15.998,13.807,16.809,14.904
106.5,17.406,15.904,13.707,16.728,14.805
106.6,17.343,15.809,13.607,16.647,14.705
106.7,17.279,15.713,13.507,16.564,14.605
106.8,17.213,15.617,13.407,16.481,14.505
106.9,17.145,15.521,13.307,16.396,14.406
107.0,17.076,15.425,13.207,16.311,14.306
107.1,17.005,15.329,13.107,16.225,14.206
107.2,16.933,15.233,13.007,16.138,14.106
107.3,16.859,15.136,12.907,16.051,14.006
107.4,16.784,15.04,12.807,15.963,13.906
107.5,16.708,14.943,12.707,15.873,13.806
107.6,16.631,14.846,12.607,15.784,13.706
107.7,16.553,14.748,12.507,15.693,13.606
107.8,16.474,14.65,12.407,15.601,13.507
107.9,16.394,14.552,12.307,15.509,13.407
108.0,16.313,14.453,12.207,15.416,13.307
108.1,16.23,14.354,12.107,15.322,13.207
108.2,16.147,14.254,12.007,15.227,13.108
108.3,16.062,14.155,11.907,15.132,13.009
108.4,15.977,14.056,11.807,15.037,12.91
108.5,15.891,13.957,11.707,14.941,12.81
108.6,15.803,13.859,11.607,14.846,12.71
108.7,15.716,13.761,11.507,14.75,12.61
108.8,15.627,13.663,11.407,14.654,12.51
108.9,15.538,13.564,11.307,14.558,12.41
109.0,15.448,13.466,11.207,14.462,12.31
109.1,15.358,13.367,11.107,14.365,12.211
109.2,15.268,13.268,11.007,14.268,12.111
109.3,15.176,13.169,10.907,14.17,12.011
109.4,15.084,13.069,10.807,14.072,11.911
109.5,14.992,12.969,10.707,13.974,11.811
109.6,14.899,12.869,10.607,13.876,11.712
109.7,14.805,12.77,10.507,13.778,11.613
109.8,14.711,12.671,10.407,13.679,11.513
109.9,14.617,12.572,10.307,13.581,11.413
110.0,14.522,12.473,10.207,13.482,11.314
110.1,14.427,12.374,10.107,13.384,11.214
110.2,14.332,12.275,10.007,13.285,11.114
110.3,14.237,12.177,9.907,13.187,11.014
110.4,14.141,12.078,9.807,13.088,10.914
110.5,14.045,11.979,9.707,12.99,10.814
110.6,13.949,11.879,9.607,12.891,10.715
110.7,13.853,11.78,9.507,12.791,10.615
110.8,13.756,11.68,9.407,12.692,10.515
110.9,13.659,11.58,9.307,12.592,10.415
111.0,13.562,11.48,9.207,12.493,10.315
111.1,13.464,11.38,9.107,12.393,10.216
111.2,13.367,11.281,9.007,12.294,10.116
111.3,13.269,11.181,8.907,12.194,10.017
111.4,13.171,11.082,8.807,12.095,9.917
111.5,13.073,10.983,8.707,11.996,9.817
111.6,12.975,10.884,8.607,11.896,9.717
111.7,12.876,10.785,8.507,11.797,9.617
111.8,12.778,10.686,8.407,11.698,9.517
111.9,12.68,10.586,8.307,11.599,9.417
112.0,12.582,10.487,8.207,11.499,9.318
112.1,12.483,10.387,8.107,11.399,9.218
112.2,12.385,10.288,8.007,11.3,9.118
112.3,12.286,10.188,7.907,11.2,9.018
112.4,12.187,10.088,7.807,11.1,8.919
112.5,12.088,9.988,7.707,11.0,8.819
112.6,11.989,9.888,7.607,10.9,8.72
112.7,11.89,9.788,7.507,10.8,8.62
112.8,11.79,9.688,7.407,10.7,8.52
112.9,11.691,9.589,7.307,10.6,8.42
113.0,11.592,9.489,7.207,10.5,8.32
113.1,11.492,9.389,7.107,10.4,8.22
113.2,11.393,9.29,7.007,10.3,8.12
113.3,11.294,9.19,6.907,10.2,8.021
113.4,11.194,9.09,6.807,10.101,7.921
113.5,11.095,8.991,6.707,10.001,7.822
113.6,10.996,8.891,6.607,9.901,7.723
113.7,10.896,8.792,6.507,9.801,7.623
113.8,10.797,8.692,6.407,9.701,7.523
113.9,10.697,8.592,6.307,9.601,7.423
114.0,10.597,8.492,6.207,9.501,7.324
114.1,10.497,8.392,6.107,9.401,7.224
114.2,10.398,8.292,6.007,9.301,7.124
114.3,10.298,8.192,5.907,9.201,7.024
114.4,10.198,8.092,5.807,9.101,6.924
114.5,10.099,7.992,5.707,9.001,6.824
114.6,9.999,7.892,5.607,8.901,6.724
114.7,9.899,7.793,5.507,8.801,6.625
114.8,9.8,7.693,5.407,8.702,6.525
114.9,9.7,7.593,5.307,8.602,6.426
115.0,9.6,7.494,5.207,8.502,6.326
115.1,9.5,7.394,5.107,8.402,6.226
115.2,9.401,7.294,5.007,8.302,6.126
115.3,9.301,7.194,4.907,8.202,6.026
115.4,9.201,7.094,4.807,8.102,5.927
115.5,9.101,6.994,4.707,8.002,5.828
115.6,9.001,6.894,4.607,7.902,5.728
115.7,8.901,6.794,4.507,7.802,5.628
115.8,8.801,6.695,4.407,7.703,5.528
115.9,8.701,6.595,4.307,7.603,5.428
116.0,8.601,6.495,4.207,7.503,5.328
116.1,8.501,6.395,4.107,7.403,5.228
116.2,8.402,6.296,4.007,7.303,5.129
116.3,8.302,6.196,3.907,7.203,5.029
116.4,8.202,6.097,3.807,7.103,4.93
116.5,8.102,5.997,3.707,7.004,4.83
116.6,8.002,5.898,3.607,6.904,4.73
116.7,7.902,5.798,3.507,6.804,4.63
116.8,7.802,5.698,3.407,6.704,4.531
116.9,7.703,5.598,3.307,6.604,4.431
117.0,7.603,5.498,3.207,6.504,4.331
117.1,7.503,5.398,3.107,6.404,4.231
117.2,7.403,5.299,3.007,6.304,4.131
117.3,7.303,5.199,2.907,6.205,4.031
117.4,7.203,5.1,2.807,6.105,3.932
117.5,7.103,5.0,2.707,6.005,3.832
117.6,7.003,4.901,2.607,5.905,3.732
117.7,6.904,4.801,2.507,5.805,3.633
117.8,6.804,4.702,2.407,5.705,3.533
117.9,6.704,4.603,2.307,5.605,3.433
118.0,6.604,4.504,2.207,5.505,3.333
118.1,6.504,4.404,2.107,5.405,3.233
118.2,6.404,4.304,2.007,5.306,3.134
118.3,6.304,4.204,1.907,5.206,3.034
118.4,6.204,4.105,1.807,5.106,2.935
118.5,6.105,4.005,1.707,5.006,2.835
118.6,6.005,3.905,1.607,4.906,2.735
118.7,5.905,3.806,1.507,4.806,2.635
118.8,5.805,3.707,1.407,4.706,2.535
118.9,5.705,3.607,1.307,4.606,2.435
119.0,5.605,3.508,1.207,4.507,2.335
119.1,5.505,3.409,1.107,4.407,2.236
119.2,5.405,3.31,1.007,4.307,2.137
119.3,5.306,3.212,0.907,4.207,2.037
119.4,5.206,3.113,0.816,4.107,1.937
119.5,5.106,3.013,0.735,4.007,1.837
119.6,5.006,2.913,0.661,3.908,1.739
119.7,4.906,2.814,0.595,3.808,1.644
119.8,4.806,2.715,0.536,3.708,1.552
119.9,4.706,2.616,0.482,3.608,1.463
120.0,4.606,2.518,0.434,3.508,1.377
120.1,4.507,2.422,0.391,3.409,1.295
120.2,4.407,2.327,0.351,3.309,1.217
120.3,4.307,2.233,0.316,3.209,1.142
120.4,4.207,2.141,0.285,3.109,1.07
120.5,4.107,2.051,0.256,3.01,1.003
120.6,4.007,1.963,0.231,2.91,0.939
120.7,3.908,1.876,0.208,2.81,0.879
120.8,3.808,1.792,0.187,2.711,0.823
120.9,3.708,1.709,0.168,2.611,0.77
121.0,3.608,1.627,0.151,2.512,0.721
121.1,3.509,1.547,0.136,2.414,0.675
121.2,3.409,1.469,0.123,2.319,0.632
121.3,3.31,1.393,0.11,2.225,0.593
121.4,14.216,16.231,17.279,15.261,16.819
121.5,14.312,16.293,17.376,15.348,16.851
121.6,14.406,16.35,17.471,15.434,16.884
121.7,14.495,16.401,17.561,15.517,16.918
121.8,14.579,16.446,17.647,15.597,16.952
121.9,14.658,16.486,17.728,15.672,16.984
122.0,14.731,16.52,17.802,15.741,17.03
122.1,14.797,16.551,17.87,15.804,17.069
122.2,14.855,16.576,17.931,15.863,17.098
122.3,14.905,16.596,17.984,15.922,17.118
122.4,14.948,16.609,18.028,15.981,17.128
122.5,14.981,16.616,18.064,16.04,17.13
122.6,15.006,16.616,18.09,16.099,17.122
122.7,15.021,16.608,18.108,16.157,17.104
122.8,15.027,16.592,18.116,16.216,17.078
122.9,15.024,16.57,18.114,16.274,17.042
123.0,15.011,16.54,18.104,16.332,16.998
123.1,14.989,16.493,18.083,16.389,16.945
123.2,14.959,16.438,18.054,16.447,16.885
123.3,14.919,16.376,18.016,16.526,16.818
123.4,14.871,16.311,17.969,16.599,16.745
123.5,14.815,16.244,17.914,16.665,16.667
123.6,14.752,16.175,17.851,16.724,16.584
123.7,14.682,16.104,17.782,16.775,16.498
123.8,14.607,16.031,17.706,16.818,16.408
123.9,14.528,15.956,17.626,16.852,16.315
124.0,14.445,15.878,17.541,16.877,16.221
124.1,14.36,15.799,17.452,16.893,16.124
124.2,14.271,15.718,17.361,16.899,16.026
124.3,14.181,15.636,17.268,16.896,15.929
124.4,14.089,15.554,17.174,16.883,15.881
124.5,13.996,15.471,17.079,16.862,15.833
124.6,13.901,15.387,16.983,16.832,15.786
124.7,13.806,15.303,16.887,16.796,15.739
124.8,13.709,15.218,16.789,16.755,15.69
124.9,13.612,15.133,16.695,16.711,15.641
125.0,13.515,15.047,16.603,16.663,15.59
125.1,13.417,14.961,16.513,16.614,15.537
125.2,13.319,14.874,16.426,16.564,15.482
125.3,13.22,14.785,16.341,16.512,15.424
125.4,13.121,14.694,16.258,16.461,15.363
125.5,13.022,14.601,16.177,16.41,15.3
125.6,12.923,14.506,16.097,16.358,15.234
125.7,12.824,14.41,16.018,16.306,15.166
125.8,12.724,14.314,15.94,16.255,15.094
125.9,12.625,14.216,15.863,16.203,15.021
126.0,12.525,14.117,15.786,16.151,14.945
126.1,12.425,14.018,15.709,16.098,14.867
126.2,12.326,13.919,15.632,16.045,14.788
126.3,12.226,13.819,15.554,15.991,14.706
126.4,12.126,13.719,15.476,15.937,14.623
126.5,12.026,13.619,15.398,15.883,14.539
126.6,11.926,13.52,15.319,15.828,14.453
126.7,11.826,13.42,15.239,15.772,14.366
126.8,11.726,13.321,15.159,15.716,14.277
126.9,11.626,13.222,15.078,15.659,14.188
127.0,11.526,13.123,14.997,15.602,14.098
127.1,11.426,13.024,14.914,15.544,14.007
127.2,11.327,12.924,14.831,15.485,13.914
127.3,11.227,12.824,14.747,15.425,13.822
127.4,11.127,12.724,14.662,15.364,13.728
127.5,11.027,12.624,14.577,15.302,13.634
127.6,10.927,12.524,14.491,15.239,13.539
127.7,10.827,12.425,14.404,15.176,13.444
127.8,10.727,12.325,14.316,15.111,13.349
127.9,10.627,12.225,14.228,15.044,13.254
128.0,10.527,12.125,14.14,14.977,13.158
128.1,10.427,12.025,14.05,14.908,13.061
128.2,10.327,11.925,13.961,14.838,12.965
128.3,10.227,11.825,13.87,14.766,12.868
128.4,10.127,11.725,13.779,14.692,12.771
128.5,10.027,11.625,13.688,14.617,12.673
128.6,9.927,11.525,13.595,14.54,12.575
128.7,9.827,11.425,13.503,14.462,12.477
128.8,9.727,11.325,13.409,14.382,12.379
128.9,9.627,11.225,13.315,14.301,12.28
129.0,9.527,11.125,13.221,14.219,12.181
129.1,9.427,11.025,13.127,14.136,12.081
129.2,9.327,10.925,13.032,14.051,11.982
129.3,9.227,10.825,12.936,13.966,11.882
129.4,9.127,10.725,12.841,13.879,11.782
129.5,9.027,10.625,12.745,13.792,11.682
129.6,8.927,10.525,12.649,13.704,11.582
129.7,8.827,10.425,12.553,13.615,11.483
129.8,8.727,10.325,12.457,13.526,11.385
129.9,8.627,10.226,12.36,13.435,11.288
130.0,8.527,10.126,12.263,13.344,11.192
130.1,8.427,10.026,12.166,13.253,11.097
130.2,8.327,9.926,12.067,13.161,11.003
130.3,8.227,9.826,11.968,13.068,10.907
130.4,8.127,9.726,11.869,12.975,10.811
130.5,8.027,9.626,11.77,12.882,10.715
130.6,7.927,9.526,11.671,12.789,10.618
130.7,7.827,9.426,11.572,12.696,10.521
130.8,7.727,9.326,11.474,12.603,10.423
130.9,7.627,9.226,11.377,12.509,10.325
131.0,7.527,9.127,11.281,12.416,10.226
131.1,7.427,9.027,11.186,12.323,10.127
131.2,7.327,8.928,11.094,12.229,10.028
131.3,7.227,8.828,11.0,12.135,9.929
131.4,7.127,8.729,10.905,12.04,9.829
131.5,7.027,8.629,10.81,11.944,9.729
131.6,6.927,8.529,10.715,11.848,9.629
131.7,6.827,8.429,10.618,11.752,9.529
131.8,6.727,8.329,10.521,11.656,9.429
131.9,6.627,8.229,10.424,11.56,9.329
132.0,6.527,8.129,10.326,11.464,9.229
132.1,6.427,8.029,10.228,11.369,9.129
132.2,6.327,7.929,10.13,11.274,9.03
132.3,6.227,7.83,10.031,11.181,8.93
132.4,6.127,7.73,9.931,11.088,8.83
132.5,6.027,7.63,9.832,10.995,8.731
132.6,5.927,7.531,9.732,10.9,8.631
132.7,5.827,7.432,9.632,10.806,8.531
132.8,5.727,7.333,9.532,10.71,8.431
132.9,5.627,7.234,9.432,10.614,8.331
133.0,5.527,7.134,9.332,10.517,8.231
133.1,5.427,7.034,9.232,10.42,8.132
133.2,5.327,6.934,9.132,10.322,8.032
133.3,5.227,6.834,9.033,10.224,7.932
133.4,5.127,6.734,8.933,10.126,7.833
133.5,5.027,6.635,8.833,10.027,7.734
133.6,4.927,6.535,8.734,9.928,7.635
133.7,4.827,6.435,8.634,9.829,7.536
133.8,4.727,6.335,8.534,9.729,7.437
133.9,4.627,6.235,8.434,9.629,7.339
134.0,4.527,6.136,8.334,9.53,7.24
134.1,4.427,6.037,8.234,9.43,7.141
134.2,4.327,5.938,8.135,9.33,7.041
134.3,4.227,5.838,8.035,9.231,6.942
134.4,4.127,5.738,7.935,9.131,6.842
134.5,4.027,5.639,7.836,9.031,6.743
134.6,3.927,5.539,7.737,8.932,6.644
134.7,3.827,5.439,7.638,8.833,6.545
134.8,3.727,5.339,7.539,8.734,6.446
134.9,3.627,5.239,7.441,8.634,6.347
135.0,3.527,5.139,7.343,8.534,6.249
135.1,3.427,5.04,7.244,8.435,6.151
135.2,3.327,4.94,7.145,8.335,6.054
135.3,3.227,4.842,7.045,8.235,5.956
135.4,3.127,4.744,6.945,8.135,5.858
135.5,3.027,4.645,6.846,8.036,5.759
135.6,2.927,4.547,6.747,7.936,5.66
135.7,2.827,4.448,6.648,7.837,5.56
135.8,2.727,4.349,6.549,7.738,5.46
135.9,2.627,4.25,6.45,7.639,5.36
136.0,2.527,4.151,6.352,7.541,5.26
136.1,2.427,4.051,6.254,7.442,5.161
136.2,2.327,3.952,6.156,7.344,5.061
136.3,2.227,3.852,6.059,7.245,4.962
136.4,2.127,3.752,5.962,7.146,4.864
136.5,2.027,3.652,5.864,7.046,4.767
136.6,1.927,3.553,5.766,6.947,4.671
136.7,1.827,3.453,5.667,6.848,4.575
136.8,1.727,3.353,5.567,6.749,4.478
136.9,1.627,3.253,5.467,6.65,4.381
137.0,1.527,3.154,5.367,6.551,4.284
137.1,1.427,3.054,5.267,6.453,4.186
137.2,1.327,2.954,5.168,6.355,4.088
137.3,1.227,2.854,5.068,6.257,3.99
137.4,1.127,2.754,4.969,6.16,3.891
137.5,1.027,2.654,4.871,6.063,3.792
137.6,0.927,2.554,4.774,5.966,3.693
137.7,0.834,2.454,4.678,5.868,3.594
137.8,0.751,2.355,4.582,5.77,3.494
137.9,0.676,2.255,4.485,5.671,3.395
138.0,0.608,2.155,4.388,5.572,3.295
138.1,0.547,2.055,4.29,5.472,3.195
138.2,0.492,1.955,4.193,5.372,3.095
138.3,0.443,1.855,4.094,5.272,2.995
138.4,0.399,1.755,3.996,5.172,2.895
138.5,0.359,1.655,3.897,5.073,2.795
138.6,0.323,1.556,3.799,4.974,2.695
138.7,0.291,1.456,3.699,4.876,2.595
138.8,0.262,1.357,3.6,4.779,2.496
138.9,0.236,1.264,3.501,4.683,2.396
139.0,0.212,1.177,3.401,4.586,2.297
139.1,0.191,1.097,3.301,4.49,2.197
139.2,0.172,1.021,3.201,4.392,2.099
139.3,0.155,0.951,3.101,4.295,2.003
139.4,0.139,0.886,3.002,4.197,1.909
139.5,0.125,0.826,2.903,4.099,1.818
139.6,0.113,0.77,2.805,4.001,1.73
139.7,0.101,0.719,2.708,3.902,1.645
139.8,13.708,13.138,11.527,10.522,12.385
139.9,13.798,13.174,11.603,10.61,12.449
140.0,13.891,13.209,11.671,10.694,12.507
140.1,13.988,13.244,11.733,10.771,12.559
140.2,14.087,13.276,11.787,10.843,12.604
140.3,14.186,13.318,11.833,10.908,12.644
140.4,14.286,13.353,11.871,10.965,12.678
140.5,14.385,13.378,11.901,11.015,12.706
140.6,14.482,13.394,11.923,11.056,12.727
140.7,14.577,13.401,11.938,11.089,12.74
140.8,14.667,13.399,11.945,11.113,12.747
140.9,14.753,13.387,11.944,11.128,12.746
141.0,14.834,13.367,11.933,11.135,12.738
141.1,14.909,13.337,11.914,11.132,12.723
141.2,14.977,13.299,11.885,11.12,12.701
141.3,15.038,13.252,11.848,11.099,12.664
141.4,15.091,13.198,11.803,11.069,12.618
141.5,15.136,13.135,11.749,11.03,12.564
141.6,15.172,13.066,11.688,10.984,12.502
141.7,15.2,12.99,11.62,10.929,12.433
141.8,15.218,12.908,11.545,10.867,12.358
141.9,15.227,12.821,11.464,10.799,12.277
142.0,15.227,12.73,11.406,10.725,12.213
142.1,15.217,12.635,11.344,10.647,12.147
142.2,15.199,12.538,11.279,10.565,12.078
142.3,15.171,12.479,11.212,10.48,12.008
142.4,15.134,12.419,11.142,10.393,11.936
142.5,15.089,12.36,11.071,10.303,11.865
142.6,15.035,12.3,10.999,10.212,11.793
142.7,14.974,12.239,10.925,10.119,11.722
142.8,14.905,12.179,10.85,10.025,11.651
142.9,14.83,12.119,10.774,9.93,11.579
143.0,14.749,12.059,10.698,9.834,11.508
143.1,14.664,11.999,10.621,9.738,11.437
143.2,14.574,11.939,10.544,9.641,11.366
143.3,14.482,11.879,10.464,9.543,11.295
143.4,14.387,11.818,10.383,9.445,11.224
143.5,14.29,11.756,10.298,9.346,11.153
143.6,14.192,11.694,10.212,9.248,11.083
143.7,14.093,11.631,10.124,9.149,11.012
143.8,13.994,11.567,10.033,9.05,10.941
143.9,13.894,11.502,9.941,8.951,10.87
144.0,13.794,11.436,9.847,8.851,10.797
144.1,13.694,11.369,9.752,8.752,10.723
144.2,13.594,11.302,9.655,8.652,10.646
144.3,13.495,11.235,9.557,8.553,10.567
144.4,13.396,11.169,9.459,8.453,10.487
144.5,13.298,11.103,9.36,8.353,10.405
144.6,13.2,11.038,9.261,8.253,10.322
144.7,13.103,10.974,9.161,8.153,10.237
144.8,13.007,10.908,9.061,8.054,10.151
144.9,12.912,10.841,8.961,7.954,10.063
145.0,12.817,10.773,8.861,7.854,9.975
145.1,12.724,10.703,8.762,7.754,9.886
145.2,12.631,10.633,8.662,7.654,9.795
145.3,12.539,10.561,8.563,7.554,9.704
145.4,12.448,10.488,8.465,7.454,9.611
145.5,12.359,10.414,8.367,7.354,9.517
145.6,12.27,10.339,8.269,7.254,9.422
145.7,12.182,10.263,8.172,7.154,9.326
145.8,12.095,10.186,8.075,7.054,9.23
145.9,12.009,10.108,7.979,6.954,9.132
146.0,11.924,10.03,7.885,6.854,9.035
146.1,11.841,9.95,7.791,6.754,8.937
146.2,11.758,9.87,7.699,6.654,8.84
146.3,11.677,9.788,7.607,6.554,8.742
146.4,11.598,9.706,7.516,6.454,8.645
146.5,11.519,9.622,7.425,6.354,8.549
146.6,11.44,9.536,7.334,6.254,8.452
146.7,11.359,9.448,7.243,6.154,8.356
146.8,11.277,9.359,7.152,6.054,8.26
146.9,11.194,9.269,7.06,5.954,8.165
147.0,11.11,9.177,6.969,5.854,8.07
147.1,11.025,9.085,6.878,5.754,7.976
147.2,10.938,8.992,6.787,5.654,7.882
147.3,10.851,8.898,6.696,5.554,7.789
147.4,10.763,8.803,6.606,5.454,7.696
147.5,10.674,8.708,6.515,5.354,7.605
147.6,10.583,8.614,6.424,5.254,7.514
147.7,10.492,8.519,6.33,5.154,7.422
147.8,10.4,8.424,6.234,5.054,7.331
147.9,10.307,8.329,6.136,4.954,7.24
148.0,10.213,8.235,6.037,4.854,7.149
148.1,10.118,8.14,5.937,4.754,7.059
148.2,10.023,8.046,5.837,4.654,6.969
148.3,9.927,7.953,5.738,4.554,6.879
148.4,9.83,7.86,5.639,4.454,6.79
148.5,9.733,7.768,5.54,4.354,6.701
148.6,9.635,7.677,5.441,4.254,6.61
148.7,9.538,7.586,5.342,4.154,6.517
148.8,9.439,7.495,5.244,4.054,6.422
148.9,9.341,7.405,5.146,3.954,6.325
149.0,9.243,7.315,5.048,3.854,6.228
149.1,9.145,7.226,4.95,3.754,6.129
149.2,9.046,7.137,4.852,3.654,6.031
149.3,8.948,7.048,4.755,3.554,5.933
149.4,8.849,6.96,4.658,3.454,5.834
149.5,8.75,6.873,4.56,3.354,5.737
149.6,8.651,6.786,4.462,3.254,5.639
149.7,8.552,6.699,4.363,3.154,5.542
149.8,8.454,6.609,4.264,3.054,5.444
149.9,8.355,6.517,4.164,2.954,5.347
150.0,8.257,6.423,4.065,2.854,5.249
150.1,8.158,6.326,3.965,2.754,5.151
150.2,8.06,6.229,3.865,2.654,5.053
150.3,7.962,6.131,3.765,2.554,4.956
150.4,7.864,6.032,3.665,2.454,4.858
150.5,7.766,5.934,3.565,2.354,4.76
150.6,7.668,5.835,3.466,2.254,4.662
150.7,7.571,5.737,3.367,2.154,4.565
150.8,7.473,5.639,3.268,2.054,4.466
150.9,7.376,5.541,3.17,1.954,4.367
151.0,7.28,5.443,3.071,1.854,4.268
151.1,7.183,5.345,2.972,1.754,4.168
151.2,7.087,5.247,2.872,1.654,4.068
151.3,6.991,5.149,2.772,1.554,3.968
151.4,6.895,5.051,2.672,1.454,3.868
151.5,6.8,4.953,2.573,1.354,3.768
151.6,6.705,4.855,2.474,1.254,3.669
151.7,6.608,4.758,2.375,1.154,3.569
151.8,6.51,4.66,2.277,1.054,3.47
151.9,6.411,4.563,2.178,0.954,3.371
152.0,6.312,4.465,2.08,0.859,3.272
152.1,6.212,4.366,1.982,0.773,3.172
152.2,6.112,4.267,1.883,0.696,3.073
152.3,6.012,4.168,1.785,0.626,2.974
152.4,5.913,4.069,1.687,0.564,2.875
152.5,5.814,3.969,1.591,0.507,2.777
152.6,5.715,3.87,1.498,0.456,2.68
152.7,5.617,3.771,1.41,0.411,2.583
152.8,5.519,3.672,1.325,0.37,2.488
152.9,5.42,3.574,1.243,0.333,2.394
153.0,5.322,3.475,1.165,0.299,2.301
153.1,5.224,3.377,1.091,0.27,2.209
153.2,5.125,3.278,1.021,0.243,2.118
153.3,5.027,3.18,0.954,0.218,2.028
153.4,4.928,3.082,0.891,0.196,1.941
153.5,4.83,2.985,0.832,0.177,1.855
153.6,4.731,2.889,0.775,0.159,1.772
153.7,4.632,2.795,0.722,0.143,1.69
153.8,4.533,2.702,0.673,0.129,1.611
153.9,4.434,2.611,0.626,0.116,1.535
154.0,4.334,2.522,0.583,0.104,1.46
154.1,17.203,18.346,19.611,19.859,19.141
154.2,17.263,18.416,19.63,19.932,19.187
154.3,17.314,18.489,19.648,20.011,19.227
154.4,17.357,18.566,19.664,20.096,19.26
154.5,17.392,18.645,19.676,20.186,19.286
154.6,17.417,18.726,19.684,20.279,19.307
154.7,17.433,18.808,19.687,20.376,19.321
154.8,17.44,18.908,19.681,20.475,19.33
154.9,17.438,19.007,19.667,20.575,19.332
155.0,17.426,19.106,19.643,20.675,19.329
155.1,17.404,19.204,19.61,20.774,19.319
155.2,17.374,19.298,19.568,20.871,19.302
155.3,17.335,19.389,19.518,20.965,19.278
155.4,17.287,19.475,19.459,21.055,19.248
155.5,17.231,19.556,19.394,21.14,19.212
155.6,17.167,19.631,19.321,21.221,19.17
155.7,17.098,19.699,19.242,21.294,19.122
155.8,17.023,19.76,19.157,21.362,19.069
155.9,16.944,19.813,19.068,21.421,18.989
156.0,16.861,19.857,18.974,21.473,18.904
156.1,16.775,19.893,18.878,21.516,18.814
156.2,16.687,19.92,18.779,21.55,18.72
156.3,16.596,19.937,18.68,21.576,18.623
156.4,16.504,19.945,18.58,21.592,18.525
156.5,16.411,19.944,18.48,21.598,18.425
156.6,16.316,19.933,18.382,21.595,18.325
156.7,16.22,19.913,18.284,21.583,18.225
156.8,16.124,19.883,18.229,21.561,18.126
156.9,16.027,19.845,18.174,21.529,18.028
157.0,15.929,19.797,18.118,21.49,17.93
157.1,15.831,19.742,18.062,21.443,17.833
157.2,15.733,19.679,18.005,21.389,17.736
157.3,15.634,19.609,17.947,21.329,17.64
157.4,15.536,19.532,17.889,21.264,17.545
157.5,15.436,19.45,17.829,21.195,17.451
157.6,15.337,19.362,17.768,21.122,17.357
157.7,15.238,19.27,17.707,21.045,17.264
157.8,15.138,19.175,17.644,20.966,17.172
157.9,15.039,19.077,17.581,20.884,17.081
158.0,14.939,18.978,17.516,20.799,16.989
158.1,14.839,18.878,17.449,20.713,16.897
158.2,14.74,18.778,17.38,20.625,16.807
158.3,14.64,18.679,17.309,20.535,16.718
158.4,14.54,18.58,17.236,20.444,16.629
158.5,14.44,18.483,17.162,20.352,16.542
158.6,14.34,18.387,17.086,20.259,16.452
158.7,14.24,18.294,17.009,20.165,16.362
158.8,14.14,18.203,16.931,20.071,16.27
158.9,14.04,18.114,16.851,19.975,16.177
159.0,13.94,18.028,16.77,19.88,16.084
159.1,13.84,17.946,16.688,19.783,15.989
159.2,13.741,17.866,16.604,19.686,15.893
159.3,13.641,17.791,16.519,19.589,15.797
159.4,13.541,17.719,16.434,19.491,15.7
159.5,13.441,17.647,16.349,19.393,15.602
159.6,13.341,17.576,16.264,19.295,15.504
159.7,13.241,17.505,16.179,19.196,15.405
159.8,13.141,17.435,16.094,19.097,15.306
159.9,13.041,17.365,16.01,18.998,15.206
160.0,12.941,17.295,15.925,18.899,15.107
160.1,12.841,17.226,15.84,18.8,15.008
160.2,12.741,17.157,15.755,18.701,14.908
160.3,12.641,17.089,15.67,18.601,14.809
160.4,12.541,17.021,15.585,18.501,14.71
160.5,12.441,16.954,15.5,18.402,14.611
160.6,12.341,16.884,15.414,18.302,14.512
160.7,12.241,16.814,15.327,18.202,14.414
160.8,12.141,16.741,15.239,18.102,14.315
160.9,12.041,16.667,15.151,18.002,14.217
161.0,11.941,16.592,15.062,17.902,14.119
161.1,11.841,16.515,14.974,17.802,14.021
161.2,11.741,16.437,14.885,17.702,13.922
161.3,11.641,16.357,14.795,17.603,13.823
161.4,11.541,16.276,14.706,17.503,13.723
161.5,11.441,16.194,14.617,17.404,13.623
161.6,11.341,16.11,14.528,17.306,13.524
161.7,11.241,16.025,14.438,17.208,13.424
161.8,11.141,15.939,14.349,17.111,13.324
161.9,11.041,15.852,14.259,17.015,13.224
162.0,10.941,15.765,14.17,16.92,13.124
162.1,10.841,15.677,14.08,16.826,13.025
162.2,10.741,15.588,13.988,16.732,12.927
162.3,10.641,15.498,13.895,16.639,12.829
162.4,10.541,15.407,13.8,16.547,12.731
162.5,10.441,15.316,13.705,16.456,12.632
162.6,10.341,15.224,13.608,16.365,12.533
162.7,10.241,15.13,13.51,16.275,12.433
162.8,10.141,15.034,13.411,16.186,12.334
162.9,10.041,14.936,13.312,16.098,12.234
163.0,9.941,14.838,13.213,16.01,12.134
163.1,9.841,14.739,13.115,15.923,12.034
163.2,9.741,14.639,13.016,15.837,11.934
163.3,9.641,14.539,12.918,15.75,11.834
163.4,9.541,14.439,12.821,15.664,11.734
163.5,9.441,14.339,12.723,15.577,11.635
163.6,9.341,14.24,12.625,15.491,11.535
163.7,9.241,14.141,12.527,15.405,11.435
163.8,9.141,14.042,12.428,15.319,11.335
163.9,9.041,13.943,12.328,15.234,11.235
164.0,8.941,13.844,12.229,15.148,11.135
164.1,8.841,13.745,12.129,15.06,11.035
164.2,8.741,13.645,12.03,14.968,10.935
164.3,8.641,13.546,11.93,14.875,10.835
164.4,8.541,13.446,11.831,14.779,10.736
164.5,8.441,13.346,11.732,14.682,10.636
164.6,8.341,13.247,11.632,14.584,10.536
164.7,8.241,13.147,11.532,14.485,10.436
164.8,8.141,13.047,11.432,14.385,10.336
164.9,8.041,12.947,11.333,14.285,10.236
165.0,7.941,12.847,11.233,14.185,10.136
165.1,7.841,12.748,11.133,14.085,10.037
165.2,7.741,12.648,11.034,13.985,9.937
165.3,7.641,12.549,10.934,13.885,9.838
165.4,7.541,12.449,10.835,13.785,9.739
165.5,7.441,12.351,10.736,13.685,9.64
165.6,7.341,12.252,10.637,13.585,9.542
165.7,7.241,12.154,10.538,13.485,9.444
165.8,7.141,12.056,10.438,13.385,9.345
165.9,7.041,11.958,10.338,13.286,9.245
166.0,6.941,11.861,10.238,13.186,9.146
166.1,6.841,11.763,10.138,13.086,9.046
166.2,6.741,11.664,10.038,12.986,8.946
166.3,6.641,11.565,9.939,12.886,8.846
166.4,6.541,11.466,9.839,12.786,8.746
166.5,6.441,11.366,9.74,12.686,8.646
166.6,6.341,11.266,9.642,12.587,8.546
166.7,6.241,11.167,9.544,12.488,8.447
166.8,6.141,11.067,9.445,12.389,8.347
166.9,6.041,10.967,9.346,12.29,8.247
167.0,5.941,10.867,9.247,12.192,8.147
167.1,5.841,10.767,9.147,12.094,8.047
167.2,5.741,10.668,9.048,11.997,7.947
167.3,5.641,10.568,8.948,11.9,7.847
167.4,5.541,10.469,8.848,11.804,7.748
167.5,5.441,10.369,8.748,11.706,7.648
167.6,5.341,10.269,8.648,11.608,7.549
167.7,5.241,10.169,8.548,11.51,7.45
167.8,5.141,10.069,8.449,11.411,7.351
167.9,5.041,9.969,8.349,11.312,7.252
168.0,4.941,9.869,8.249,11.212,7.152
168.1,4.841,9.77,8.149,11.112,7.053
168.2,4.741,9.67,8.049,11.012,6.953
168.3,4.641,9.571,7.949,10.912,6.853
168.4,4.541,9.472,7.85,10.812,6.753
168.5,4.441,9.372,7.75,10.713,6.653
168.6,4.341,9.273,7.65,10.613,6.553
168.7,4.241,9.173,7.551,10.514,6.453
168.8,4.141,9.073,7.452,10.414,6.353
168.9,4.041,8.973,7.353,10.314,6.254
169.0,3.941,8.873,7.254,10.214,6.154
169.1,3.841,8.773,7.155,10.114,6.054
169.2,3.741,8.673,7.055,10.014,5.954
169.3,3.641,8.574,6.956,9.914,5.854
169.4,3.541,8.474,6.856,9.815,5.754
169.5,3.441,8.375,6.756,9.715,5.655
169.6,3.341,8.275,6.656,9.616,5.555
169.7,3.241,8.175,6.556,9.516,5.455
169.8,3.141,8.075,6.456,9.417,5.356
169.9,3.041,7.975,6.356,9.317,5.257
170.0,2.941,7.875,6.257,9.217,5.158
170.1,2.841,7.775,6.157,9.117,5.06
170.2,2.741,7.676,6.057,9.017,4.962
170.3,2.641,7.576,5.957,8.917,4.863
170.4,2.541,7.477,5.857,8.817,4.764
170.5,2.441,7.378,5.757,8.717,4.664
170.6,2.341,7.279,5.657,8.618,4.565
170.7,2.241,7.18,5.558,8.518,4.465
170.8,2.141,7.08,5.458,8.419,4.365
170.9,2.041,6.98,5.359,8.32,4.265
171.0,1.941,6.881,5.26,8.22,4.165
171.1,1.841,6.781,5.162,8.12,4.065
171.2,1.741,6.681,5.064,8.02,3.965
171.3,1.641,6.581,4.965,7.92,3.865
171.4,1.541,6.481,4.866,7.82,3.766
171.5,1.441,6.381,4.767,7.72,3.666
171.6,1.341,6.281,4.668,7.621,3.566
171.7,1.241,6.182,4.568,7.521,3.466
171.8,1.141,6.082,4.468,7.422,3.366
171.9,1.041,5.982,4.368,7.324,3.266
172.0,0.941,5.882,4.268,7.225,3.167
172.1,0.847,5.782,4.168,7.126,3.068
172.2,0.762,5.683,4.068,7.027,2.97
172.3,0.686,5.583,3.969,6.927,2.872
172.4,0.617,5.483,3.869,6.827,2.774
172.5,0.555,5.383,3.769,6.727,2.675
172.6,0.5,5.284,3.669,6.627,2.577
172.7,0.45,5.186,3.569,6.527,2.478
172.8,0.405,5.087,3.469,6.427,2.378
172.9,0.364,4.989,3.369,6.327,2.279
173.0,0.328,4.89,3.27,6.228,2.179
173.1,0.295,4.79,3.171,6.128,2.08
173.2,0.266,4.691,3.072,6.028,1.98
173.3,0.239,4.591,2.973,5.928,1.88
173.4,0.215,4.492,2.876,5.828,1.78
173.5,0.194,4.392,2.777,5.728,1.68
173.6,0.174,4.292,2.679,5.628,1.58
173.7,0.157,4.192,2.58,5.529,1.481
173.8,0.141,4.092,2.481,5.429,1.381
173.9,0.127,3.992,2.382,5.33,1.281
174.0,0.114,3.892,2.283,5.231,1.184
174.1,0.103,3.792,2.184,5.133,1.094
174.2,22.278,18.744,20.353,17.428,21.391
174.3,22.377,18.843,20.446,17.527,21.467
174.4,22.477,18.942,20.54,17.626,21.545
174.5,22.577,19.042,20.633,17.722,21.625
174.6,22.675,19.142,20.724,17.815,21.706
174.7,22.771,19.239,20.813,17.904,21.786
174.8,22.864,19.334,20.899,17.988,21.864
174.9,22.953,19.425,20.981,18.067,21.94
175.0,23.037,19.512,21.059,18.139,22.013
175.1,23.116,19.593,21.132,18.204,22.081
175.2,23.188,19.669,21.199,18.262,22.152
175.3,23.253,19.738,21.261,18.311,22.217
175.4,23.31,19.799,21.326,18.352,22.273
175.5,23.359,19.853,21.383,18.385,22.322
175.6,23.4,19.899,21.433,18.408,22.362
175.7,23.431,19.936,21.474,18.422,22.393
175.8,23.454,19.963,21.506,18.426,22.415
175.9,23.467,19.982,21.528,18.422,22.427
176.0,23.47,19.991,21.542,18.407,22.43
176.1,23.464,19.991,21.545,18.384,22.423
176.2,23.448,19.981,21.54,18.351,22.407
176.3,23.423,19.962,21.525,18.309,22.382
176.4,23.391,19.933,21.5,18.259,22.356
176.5,23.351,19.896,21.466,18.201,22.324
176.6,23.303,19.85,21.424,18.136,22.285
176.7,23.248,19.795,21.373,18.065,22.239
176.8,23.187,19.733,21.314,17.989,22.187
176.9,23.119,19.664,21.247,17.909,22.128
177.0,23.047,19.588,21.174,17.825,22.064
177.1,22.971,19.506,21.094,17.738,21.994
177.2,22.891,19.419,21.009,17.649,21.919
177.3,22.809,19.327,20.919,17.558,21.841
177.4,22.725,19.232,20.826,17.466,21.759
177.5,22.64,19.135,20.729,17.372,21.675
177.6,22.553,19.035,20.63,17.277,21.589
177.7,22.465,18.935,20.531,17.181,21.5
177.8,22.377,18.836,20.431,17.084,21.411
177.9,22.288,18.737,20.331,16.987,21.321
178.0,22.199,18.641,20.232,16.89,21.231
178.1,22.11,18.548,20.134,16.791,21.14
178.2,22.021,18.46,20.038,16.693,21.05
178.3,21.933,18.377,19.944,16.594,20.961
178.4,21.844,18.3,19.851,16.495,20.873
178.5,21.756,18.23,19.761,16.396,20.785
178.6,21.669,18.168,19.673,16.297,20.699
178.7,21.582,18.113,19.588,16.197,20.613
178.8,21.496,18.066,19.505,16.098,20.53
178.9,21.41,18.027,19.425,15.998,20.447
179.0,21.325,17.996,19.348,15.899,20.366
179.1,21.241,17.973,19.273,15.799,20.287
179.2,21.158,17.957,19.202,15.699,20.209
179.3,21.076,17.949,19.133,15.599,20.133
179.4,20.995,17.943,19.067,15.499,20.058
179.5,20.914,17.939,19.007,15.4,19.985
179.6,20.835,17.937,18.952,15.3,19.914
179.7,20.757,17.937,18.903,15.2,19.844
179.8,20.679,17.939,18.858,15.1,19.776
179.9,20.603,17.943,18.817,15.0,19.71
180.0,20.528,17.948,18.78,14.9,19.647
180.1,20.454,17.955,18.747,14.8,19.585
180.2,20.381,17.964,18.718,14.7,19.525
180.3,20.31,17.975,18.689,14.6,19.467
180.4,20.239,17.988,18.661,14.5,19.412
180.5,20.171,18.002,18.633,14.4,19.357
180.6,20.103,18.013,18.606,14.3,19.304
180.7,20.036,18.021,18.579,14.2,19.253
180.8,19.971,18.026,18.551,14.1,19.202
180.9,19.907,18.028,18.524,14.0,19.153
181.0,19.844,18.028,18.496,13.9,19.104
181.1,19.782,18.024,18.468,13.8,19.056
181.2,19.72,18.018,18.44,13.7,19.008
181.3,19.66,18.009,18.411,13.6,18.961
181.4,19.6,17.997,18.382,13.5,18.915
181.5,19.541,17.982,18.353,13.4,18.868
181.6,19.482,17.964,18.322,13.3,18.822
181.7,19.424,17.942,18.29,13.2,18.777
181.8,19.366,17.912,18.257,13.1,18.731
181.9,19.308,17.874,18.223,13.0,18.685
182.0,19.25,17.828,18.187,12.9,18.64
182.1,19.192,17.776,18.151,12.8,18.594
182.2,19.134,17.718,18.114,12.7,18.549
182.3,19.077,17.654,18.075,12.6,18.503
182.4,19.02,17.585,18.036,12.5,18.458
182.5,18.964,17.512,17.997,12.4,18.414
182.6,18.908,17.434,17.956,12.3,18.369
182.7,18.853,17.353,17.915,12.2,18.326
182.8,18.798,17.268,17.868,12.1,18.282
182.9,18.743,17.179,17.817,12.0,18.239
183.0,18.69,17.089,17.762,11.9,18.195
183.1,18.636,16.995,17.703,11.8,18.152
183.2,18.584,16.9,17.641,11.7,18.109
183.3,18.532,16.803,17.576,11.6,18.067
183.4,18.48,16.704,17.508,11.5,18.025
183.5,18.43,16.604,17.437,11.4,17.984
183.6,18.381,16.505,17.364,11.3,17.943
183.7,18.333,16.405,17.289,11.2,17.903
183.8,18.285,16.306,17.211,11.1,17.864
183.9,18.239,16.206,17.131,11.0,17.825
184.0,18.193,16.106,17.049,10.9,17.781
184.1,18.147,16.006,16.965,10.8,17.733
184.2,18.103,15.907,16.879,10.7,17.682
184.3,18.059,15.807,16.791,10.6,17.627
184.4,18.017,15.707,16.701,10.5,17.568
184.5,17.975,15.608,16.61,10.4,17.506
184.6,17.934,15.508,16.519,10.3,17.442
184.7,17.894,15.408,16.427,10.2,17.374
184.8,17.855,15.308,16.335,10.1,17.304
184.9,17.817,15.208,16.242,10.0,17.231
185.0,17.775,15.108,16.149,9.9,17.156
185.1,17.729,15.008,16.055,9.8,17.078
185.2,17.68,14.909,15.961,9.7,16.998
185.3,17.626,14.81,15.867,9.6,16.916
185.4,17.57,14.711,15.772,9.5,16.832
185.5,17.511,14.614,15.677,9.4,16.746
185.6,17.449,14.516,15.582,9.3,16.659
185.7,17.384,14.42,15.486,9.2,16.571
185.8,17.317,14.326,15.39,9.1,16.483
185.9,17.247,14.23,15.292,9.0,16.393
186.0,17.175,14.133,15.194,8.9,16.303
186.1,17.101,14.035,15.095,8.8,16.213
186.2,17.025,13.937,14.996,8.7,16.122
186.3,16.946,13.838,14.897,8.6,16.03
186.4,16.865,13.738,14.798,8.5,15.937
186.5,16.783,13.639,14.7,8.4,15.845
186.6,16.699,13.539,14.602,8.3,15.751
186.7,16.615,13.439,14.505,8.2,15.657
186.8,16.529,13.339,14.41,8.1,15.563
186.9,16.443,13.239,14.316,8.0,15.468
187.0,16.356,13.139,14.221,7.9,15.373
187.1,16.268,13.039,14.125,7.8,15.277
187.2,16.179,12.939,14.028,7.7,15.18
187.3,16.09,12.839,13.93,7.6,15.082
187.4,16.0,12.739,13.832,7.5,14.984
187.5,15.909,12.639,13.733,7.4,14.886
187.6,15.818,12.54,13.634,7.3,14.788
187.7,15.726,12.44,13.534,7.2,14.69
187.8,15.634,12.341,13.434,7.1,14.593
187.9,15.541,12.242,13.335,7.0,14.497
188.0,15.448,12.142,13.235,6.9,14.403
188.1,15.354,12.043,13.135,6.8,14.31
188.2,15.259,11.943,13.035,6.7,14.215
188.3,15.163,11.843,12.935,6.6,14.12
188.4,15.066,11.743,12.835,6.5,14.024
188.5,14.969,11.643,12.736,6.4,13.926
188.6,14.872,11.543,12.636,6.3,13.828
188.7,14.775,11.443,12.537,6.2,13.73
188.8,14.679,11.343,12.438,6.1,13.631
188.9,14.583,11.244,12.339,6.0,13.532
189.0,14.489,11.145,12.241,5.9,13.432
189.1,14.395,11.046,12.142,5.8,13.333
189.2,14.303,10.947,12.044,5.7,13.233
189.3,14.209,10.848,11.944,5.6,13.134
189.4,14.115,10.748,11.845,5.5,13.034
189.5,14.019,10.648,11.745,5.4,12.935
189.6,13.922,10.548,11.645,5.3,12.835
189.7,13.825,10.448,11.545,5.2,12.736
189.8,13.727,10.348,11.445,5.1,12.637
189.9,13.628,10.248,11.345,5.0,12.537
190.0,13.529,10.149,11.246,4.9,12.438
190.1,13.43,10.049,11.146,4.8,12.34
190.2,13.331,9.95,11.048,4.7,12.241
190.3,13.232,9.851,10.949,4.6,12.143
190.4,13.133,9.751,10.849,4.5,12.045
190.5,13.033,9.652,10.749,4.4,11.946
190.6,12.934,9.552,10.65,4.3,11.846
190.7,12.835,9.452,10.55,4.2,11.746
190.8,12.736,9.352,10.45,4.1,11.647
190.9,12.637,9.252,10.35,4.0,11.547
191.0,12.538,9.152,10.25,3.9,11.447
191.1,12.44,9.052,10.151,3.8,11.347
191.2,12.341,8.952,10.051,3.7,11.248
191.3,12.243,8.853,9.952,3.6,11.148
191.4,12.144,8.753,9.853,3.5,11.05
191.5,12.045,8.653,9.753,3.4,10.951
191.6,11.946,8.553,9.653,3.3,10.851
191.7,11.846,8.453,9.554,3.2,10.751
191.8,11.746,8.353,9.454,3.1,10.652
191.9,11.647,8.253,9.354,3.0,10.552
192.0,11.547,8.154,9.254,2.9,10.452
192.1,11.447,8.054,9.154,2.8,10.352
192.2,11.348,7.954,9.054,2.7,10.252
192.3,11.249,7.855,8.954,2.6,10.152
192.4,11.15,7.757,8.855,2.5,10.053
192.5,11.051,7.659,8.756,2.4,9.954
192.6,10.952,7.56,8.656,2.3,9.855
192.7,10.853,7.461,8.556,2.2,9.755
192.8,10.753,7.361,8.456,2.1,9.655
192.9,10.654,7.262,8.356,2.0,9.555
193.0,10.554,7.162,8.256,1.9,9.455
193.1,10.454,7.062,8.156,1.8,9.355
193.2,10.354,6.962,8.057,1.7,9.255
193.3,10.254,6.862,7.957,1.6,9.156
193.4,10.154,6.762,7.858,1.5,9.056
193.5,10.055,6.662,7.759,1.4,8.957
193.6,9.956,6.563,7.661,1.3,8.857
193.7,9.857,6.463,7.563,1.2,8.758
193.8,9.757,6.364,7.464,1.1,8.658
193.9,9.657,6.265,7.364,1.0,8.559
194.0,9.558,6.166,7.265,0.9,8.459
194.1,9.458,6.068,7.165,0.81,8.359
194.2,9.358,5.97,7.065,0.729,8.259
194.3,9.258,5.872,6.965,0.656,8.159
194.4,9.158,5.776,6.865,0.591,8.059
194.5,9.058,5.68,6.765,0.532,7.96
194.6,8.959,5.584,6.665,0.478,7.861
194.7,8.86,5.489,6.566,0.431,7.762
194.8,8.761,5.396,6.466,0.387,7.664
194.9,8.661,5.303,6.367,0.349,7.565
195.0,8.561,5.209,6.268,0.314,7.466
195.1,8.462,5.114,6.169,0.282,7.367
195.2,8.362,5.018,6.071,0.254,7.267
195.3,8.262,4.921,5.973,0.229,7.167
195.4,8.162,4.824,5.876,0.206,7.068
195.5,8.062,4.726,5.779,0.185,6.968
195.6,7.962,4.628,5.683,0.167,6.868
195.7,7.863,4.529,5.587,0.15,6.768
195.8,7.764,4.429,5.493,0.135,6.668
195.9,7.666,4.33,5.399,0.122,6.569
196.0,7.568,4.23,5.307,0.109,6.469
196.1,12.276,15.129,14.189,18.375,13.101
196.2,12.341,15.207,14.281,18.464,13.186
196.3,12.4,15.279,14.377,18.548,13.265
196.4,12.45,15.344,14.475,18.626,13.338
196.5,12.493,15.401,14.574,18.698,13.405
196.6,12.526,15.45,14.674,18.763,13.464
196.7,12.551,15.491,14.774,18.82,13.516
196.8,12.567,15.523,14.872,18.869,13.559
196.9,12.574,15.546,14.967,18.91,13.593
197.0,12.572,15.56,15.059,18.942,13.619
197.1,12.56,15.565,15.146,18.964,13.636
197.2,12.54,15.56,15.229,18.978,13.643
197.3,12.51,15.546,15.306,18.982,13.641
197.4,12.472,15.522,15.376,18.976,13.63
197.5,12.425,15.49,15.439,18.961,13.61
197.6,12.37,15.449,15.495,18.937,13.581
197.7,12.308,15.399,15.542,18.904,13.543
197.8,12.24,15.342,15.581,18.862,13.496
197.9,12.166,15.277,15.612,18.811,13.442
198.0,12.088,15.205,15.633,18.753,13.38
198.1,12.006,15.127,15.645,18.687,13.311
198.2,11.921,15.043,15.647,18.614,13.235
198.3,11.833,14.955,15.64,18.535,13.153
198.4,11.743,14.863,15.624,18.45,13.066
198.5,11.652,14.768,15.599,18.361,12.975
198.6,11.559,14.671,15.565,18.268,12.881
198.7,11.465,14.573,15.522,18.173,12.783
198.8,11.369,14.473,15.471,18.076,12.685
198.9,11.273,14.373,15.412,17.977,12.585
199.0,11.177,14.273,15.345,17.878,12.485
199.1,11.079,14.174,15.272,17.778,12.385
199.2,10.982,14.074,15.193,17.678,12.286
199.3,10.884,13.974,15.108,17.578,12.187
199.4,10.785,13.875,15.018,17.478,12.087
199.5,10.686,13.776,14.925,17.378,11.989
199.6,10.587,13.677,14.828,17.279,11.89
199.7,10.488,13.578,14.73,17.179,11.792
199.8,10.389,13.48,14.631,17.08,11.693
199.9,10.29,13.382,14.531,16.982,11.596
200.0,10.19,13.284,14.431,16.883,11.498
