t,nnDist_0,nnDist_1,nnDist_2,nnDist_3,nnDist_4
0.1,0.205,0.205,3.497,2.566,2.566
0.2,0.234,0.234,3.465,2.566,2.566
0.30000000000000004,0.275,0.275,3.429,2.566,2.566
0.4,0.321,0.321,3.389,2.566,2.566
0.5,0.368,0.368,3.346,2.566,2.566
0.6,0.416,0.416,3.301,2.566,2.566
0.7,0.466,0.466,3.255,2.566,2.566
0.7999999999999999,0.521,0.521,3.21,2.566,2.566
0.8999999999999999,0.582,0.582,3.167,2.566,2.566
0.9999999999999999,0.645,0.645,3.089,2.566,2.566
1.0999999999999999,0.711,0.711,2.954,2.566,2.566
1.2,0.766,0.766,2.811,2.566,2.566
1.3,0.835,0.835,2.661,2.566,2.566
1.4000000000000001,0.914,0.914,2.505,2.566,2.566
1.5000000000000002,0.998,0.998,2.344,2.566,2.566
1.6000000000000003,1.083,1.083,2.18,2.566,2.566
1.7000000000000004,1.169,1.169,2.013,2.566,2.566
1.8000000000000005,1.254,1.254,1.844,2.566,2.566
1.9000000000000006,1.337,1.337,1.674,2.566,2.566
2.0000000000000004,1.417,1.417,1.504,2.566,2.566
2.1000000000000005,1.335,1.494,1.335,2.566,2.566
2.2000000000000006,1.169,1.567,1.169,2.565,2.565
2.3000000000000007,1.011,1.636,1.011,2.562,2.562
2.400000000000001,0.875,1.699,0.875,2.557,2.557
2.500000000000001,0.763,1.758,0.763,2.549,2.549
2.600000000000001,0.674,1.811,0.674,2.54,2.54
2.700000000000001,0.612,1.859,0.612,2.527,2.527
2.800000000000001,0.579,1.902,0.579,2.512,2.512
2.9000000000000012,0.575,1.938,0.575,2.493,2.493
3.0000000000000013,0.598,1.86,0.598,2.472,2.472
3.1000000000000014,0.639,1.719,0.639,2.449,2.449
3.2000000000000015,0.715,1.574,0.715,2.424,2.424
3.3000000000000016,0.814,1.428,0.814,2.397,2.397
3.4000000000000017,0.924,1.282,0.924,2.368,2.368
3.5000000000000018,1.041,1.136,1.041,2.338,2.338
3.600000000000002,1.159,1.0,1.0,2.309,2.309
3.700000000000002,1.273,0.882,0.882,2.279,2.279
3.800000000000002,1.382,0.782,0.782,2.25,2.25
3.900000000000002,1.491,0.682,0.682,2.221,2.221
4.000000000000002,1.595,0.605,0.605,2.192,2.192
4.100000000000001,1.693,0.554,0.554,2.165,2.165
4.200000000000001,1.786,0.534,0.534,2.137,2.137
4.300000000000001,1.872,0.544,0.544,2.111,2.111
4.4,1.95,0.577,0.577,2.085,2.085
4.5,2.022,0.628,0.628,2.06,2.06
4.6,2.086,0.69,0.69,1.977,2.035
4.699999999999999,2.143,0.755,0.755,1.856,2.013
4.799999999999999,2.192,0.82,0.82,1.751,1.993
4.899999999999999,2.233,0.867,0.867,1.663,1.974
4.999999999999998,2.267,0.913,0.913,1.59,1.958
5.099999999999998,2.296,0.958,0.958,1.532,1.944
5.1999999999999975,2.321,0.998,0.998,1.486,1.932
5.299999999999997,2.34,1.035,1.035,1.451,1.922
5.399999999999997,2.356,1.066,1.066,1.427,1.913
5.4999999999999964,2.368,1.092,1.092,1.411,1.905
5.599999999999996,2.376,1.113,1.113,1.403,1.899
5.699999999999996,2.382,1.127,1.127,1.4,1.893
5.799999999999995,2.384,1.136,1.136,1.402,1.888
5.899999999999995,2.384,1.138,1.138,1.407,1.883
5.999999999999995,2.382,1.137,1.137,1.414,1.879
6.099999999999994,2.377,1.133,1.133,1.422,1.875
6.199999999999994,2.371,1.126,1.126,1.431,1.871
6.299999999999994,2.364,1.114,1.114,1.44,1.866
6.399999999999993,2.356,1.099,1.099,1.448,1.862
6.499999999999993,2.347,1.08,1.08,1.446,1.858
6.5999999999999925,2.339,1.056,1.056,1.432,1.856
6.699999999999992,2.331,1.027,1.027,1.419,1.854
6.799999999999992,2.325,0.998,0.998,1.408,1.853
6.8999999999999915,2.32,0.971,0.971,1.4,1.853
6.999999999999991,2.316,0.944,0.944,1.392,1.853
7.099999999999991,2.313,0.919,0.919,1.386,1.853
7.19999999999999,2.311,0.89,0.89,1.38,1.854
7.29999999999999,2.306,0.856,0.856,1.372,1.854
7.39999999999999,2.294,0.819,0.819,1.364,1.855
7.499999999999989,2.274,0.779,0.779,1.354,1.855
7.599999999999989,2.246,0.74,0.74,1.343,1.854
7.699999999999989,2.21,0.703,0.703,1.329,1.853
7.799999999999988,2.168,0.668,0.668,1.314,1.851
7.899999999999988,2.12,0.635,0.635,1.298,1.849
7.999999999999988,2.068,0.625,0.625,1.242,1.847
8.099999999999987,2.011,0.619,0.619,1.186,1.846
8.199999999999987,1.951,0.616,0.616,1.129,1.844
8.299999999999986,1.888,0.617,0.617,1.077,1.839
8.399999999999986,1.822,0.623,0.623,1.029,1.829
8.499999999999986,1.754,0.635,0.635,0.986,1.817
8.599999999999985,1.684,0.651,0.651,0.95,1.801
8.699999999999985,1.613,0.671,0.671,0.919,1.783
8.799999999999985,1.54,0.693,0.693,0.893,1.762
8.899999999999984,1.467,0.717,0.717,0.871,1.737
8.999999999999984,1.394,0.742,0.742,0.855,1.711
9.099999999999984,1.319,0.77,0.77,0.842,1.685
9.199999999999983,1.241,0.799,0.799,0.833,1.657
9.299999999999983,1.162,0.828,0.828,0.828,1.629
9.399999999999983,1.084,0.827,0.853,0.827,1.602
9.499999999999982,1.099,0.828,0.871,0.828,1.575
9.599999999999982,1.113,0.83,0.889,0.83,1.548
9.699999999999982,1.126,0.834,0.908,0.834,1.522
9.799999999999981,1.139,0.84,0.926,0.84,1.497
9.89999999999998,1.149,0.847,0.944,0.847,1.473
9.99999999999998,1.159,0.855,0.961,0.855,1.45
10.09999999999998,1.167,0.863,0.978,0.863,1.427
10.19999999999998,1.173,0.873,0.995,0.873,1.404
10.29999999999998,1.178,0.883,1.01,0.883,1.381
10.399999999999979,1.182,0.893,1.024,0.893,1.356
10.499999999999979,1.185,0.903,1.037,0.903,1.331
10.599999999999978,1.189,0.914,1.049,0.914,1.306
10.699999999999978,1.192,0.924,1.06,0.924,1.281
10.799999999999978,1.196,0.935,1.07,0.935,1.255
10.899999999999977,1.202,0.946,1.079,0.946,1.23
10.999999999999977,1.209,0.957,1.088,0.957,1.205
11.099999999999977,1.219,0.968,1.096,0.968,1.181
11.199999999999976,1.233,0.98,1.103,0.98,1.16
11.299999999999976,1.252,0.992,1.109,0.992,1.142
11.399999999999975,1.27,1.004,1.113,1.004,1.13
11.499999999999975,1.289,1.015,1.114,1.015,1.12
11.599999999999975,1.309,1.024,1.113,1.024,1.112
11.699999999999974,1.328,1.032,1.11,1.032,1.106
11.799999999999974,1.346,1.038,1.104,1.038,1.101
11.899999999999974,1.364,1.042,1.095,1.042,1.097
11.999999999999973,1.381,1.046,1.085,1.046,1.092
12.099999999999973,1.396,1.048,1.072,1.048,1.088
12.199999999999973,1.41,1.049,1.058,1.049,1.084
12.299999999999972,1.422,1.042,1.042,1.049,1.079
12.399999999999972,1.432,1.025,1.025,1.049,1.074
12.499999999999972,1.44,1.006,1.006,1.049,1.07
12.599999999999971,1.447,0.987,0.987,1.048,1.066
12.69999999999997,1.451,0.966,0.966,1.044,1.06
12.79999999999997,1.455,0.949,0.949,1.039,1.054
12.89999999999997,1.458,0.936,0.936,1.032,1.046
12.99999999999997,1.461,0.925,0.925,1.024,1.038
13.09999999999997,1.463,0.917,0.917,1.015,1.029
13.199999999999969,1.465,0.912,0.912,1.006,1.02
13.299999999999969,1.466,0.91,0.91,0.997,1.011
13.399999999999968,1.467,0.91,0.91,0.988,1.003
13.499999999999968,1.468,0.911,0.911,0.979,0.995
13.599999999999968,1.468,0.914,0.914,0.971,0.988
13.699999999999967,1.468,0.919,0.919,0.963,0.983
13.799999999999967,1.468,0.927,0.927,0.957,0.979
13.899999999999967,1.469,0.937,0.937,0.952,0.975
13.999999999999966,1.469,0.948,0.95,0.948,0.971
14.099999999999966,1.469,0.946,0.963,0.946,0.966
14.199999999999966,1.469,0.945,0.978,0.945,0.962
14.299999999999965,1.47,0.946,0.992,0.946,0.958
14.399999999999965,1.47,0.949,1.006,0.949,0.955
14.499999999999964,1.471,0.953,1.02,0.952,0.952
14.599999999999964,1.472,0.958,1.034,0.949,0.949
14.699999999999964,1.473,0.963,1.046,0.947,0.947
14.799999999999963,1.474,0.97,1.058,0.946,0.946
14.899999999999963,1.476,0.977,1.07,0.945,0.945
14.999999999999963,1.478,0.986,1.08,0.945,0.945
15.099999999999962,1.479,0.995,1.089,0.946,0.946
15.199999999999962,1.479,1.004,1.097,0.948,0.948
15.299999999999962,1.479,1.013,1.105,0.951,0.951
15.399999999999961,1.479,1.023,1.112,0.955,0.955
15.499999999999961,1.479,1.032,1.118,0.96,0.96
15.59999999999996,1.479,1.04,1.124,0.965,0.965
15.69999999999996,1.48,1.048,1.13,0.972,0.972
15.79999999999996,1.481,1.056,1.136,0.978,0.978
15.89999999999996,1.481,1.063,1.143,0.985,0.985
15.99999999999996,1.482,1.07,1.15,0.993,0.993
16.09999999999996,1.483,1.077,1.156,1.001,1.001
16.19999999999996,1.483,1.083,1.161,1.009,1.009
16.29999999999996,1.484,1.089,1.166,1.017,1.017
16.399999999999963,1.484,1.095,1.169,1.025,1.025
16.499999999999964,1.484,1.101,1.172,1.033,1.033
16.599999999999966,1.484,1.107,1.175,1.041,1.041
16.699999999999967,1.484,1.112,1.177,1.048,1.048
16.79999999999997,1.484,1.118,1.178,1.055,1.055
16.89999999999997,1.484,1.124,1.18,1.061,1.061
16.99999999999997,1.484,1.13,1.182,1.067,1.067
17.099999999999973,1.484,1.136,1.183,1.072,1.072
17.199999999999974,1.484,1.143,1.185,1.078,1.078
17.299999999999976,1.484,1.149,1.187,1.083,1.083
17.399999999999977,1.484,1.154,1.188,1.088,1.088
17.49999999999998,1.484,1.159,1.189,1.093,1.093
17.59999999999998,1.484,1.162,1.19,1.097,1.097
17.69999999999998,1.485,1.165,1.191,1.102,1.102
17.799999999999983,1.486,1.167,1.191,1.106,1.106
17.899999999999984,1.487,1.169,1.191,1.111,1.111
17.999999999999986,1.488,1.17,1.191,1.115,1.115
18.099999999999987,1.491,1.171,1.191,1.12,1.12
18.19999999999999,1.494,1.173,1.191,1.125,1.125
18.29999999999999,1.496,1.175,1.192,1.13,1.13
18.39999999999999,1.498,1.176,1.193,1.135,1.135
18.499999999999993,1.499,1.178,1.193,1.14,1.14
18.599999999999994,1.5,1.18,1.194,1.145,1.145
18.699999999999996,1.5,1.181,1.194,1.148,1.148
18.799999999999997,1.5,1.182,1.195,1.152,1.152
18.9,1.5,1.183,1.195,1.155,1.155
19.0,1.5,1.184,1.195,1.157,1.157
19.1,1.499,1.184,1.195,1.159,1.159
19.200000000000003,1.499,1.185,1.195,1.161,1.161
19.300000000000004,1.499,1.185,1.196,1.163,1.163
19.400000000000006,1.498,1.186,1.198,1.165,1.165
19.500000000000007,1.498,1.187,1.2,1.167,1.167
19.60000000000001,1.498,1.189,1.201,1.17,1.17
19.70000000000001,1.498,1.19,1.202,1.172,1.172
19.80000000000001,1.497,1.191,1.203,1.174,1.174
19.900000000000013,1.497,1.191,1.203,1.175,1.175
20.000000000000014,1.498,1.192,1.203,1.177,1.177
20.100000000000016,1.498,1.191,1.202,1.177,1.177
20.200000000000017,1.498,1.191,1.202,1.178,1.178
20.30000000000002,1.499,1.191,1.201,1.179,1.179
20.40000000000002,1.501,1.191,1.2,1.179,1.179
20.50000000000002,1.502,1.191,1.2,1.18,1.18
20.600000000000023,1.502,1.193,1.201,1.181,1.181
20.700000000000024,1.503,1.194,1.202,1.182,1.182
20.800000000000026,1.503,1.196,1.202,1.183,1.183
20.900000000000027,1.502,1.198,1.202,1.185,1.185
21.00000000000003,1.502,1.199,1.202,1.186,1.186
21.10000000000003,1.502,1.199,1.202,1.187,1.187
21.20000000000003,1.501,1.199,1.202,1.187,1.187
21.300000000000033,1.501,1.199,1.201,1.187,1.187
21.400000000000034,1.501,1.198,1.2,1.187,1.187
21.500000000000036,1.502,1.198,1.2,1.187,1.187
21.600000000000037,1.503,1.197,1.199,1.187,1.187
21.70000000000004,1.503,1.198,1.2,1.187,1.187
21.80000000000004,1.504,1.199,1.201,1.189,1.189
21.90000000000004,1.504,1.2,1.201,1.191,1.191
22.000000000000043,1.504,1.2,1.202,1.193,1.193
22.100000000000044,1.504,1.2,1.202,1.194,1.194
22.200000000000045,1.504,1.2,1.201,1.196,1.196
22.300000000000047,1.504,1.2,1.201,1.196,1.196
22.40000000000005,1.504,1.2,1.2,1.196,1.196
22.50000000000005,1.505,1.199,1.199,1.196,1.196
22.60000000000005,1.505,1.198,1.198,1.196,1.196
22.700000000000053,1.506,1.198,1.199,1.195,1.195
22.800000000000054,1.506,1.198,1.2,1.195,1.195
22.900000000000055,1.506,1.198,1.201,1.196,1.196
23.000000000000057,1.506,1.199,1.202,1.197,1.197
23.10000000000006,1.506,1.2,1.203,1.198,1.198
23.20000000000006,1.506,1.2,1.203,1.199,1.199
23.30000000000006,1.506,1.201,1.203,1.199,1.199
23.400000000000063,1.506,1.2,1.203,1.199,1.199
23.500000000000064,1.506,1.2,1.202,1.199,1.199
23.600000000000065,1.507,1.199,1.202,1.198,1.198
23.700000000000067,1.507,1.198,1.201,1.198,1.198
23.800000000000068,1.508,1.197,1.201,1.197,1.197
23.90000000000007,1.509,1.197,1.202,1.197,1.197
24.00000000000007,1.51,1.198,1.203,1.196,1.196
24.100000000000072,1.51,1.199,1.204,1.197,1.197
24.200000000000074,1.51,1.2,1.205,1.198,1.198
24.300000000000075,1.51,1.201,1.205,1.199,1.199
24.400000000000077,1.51,1.202,1.205,1.199,1.199
24.500000000000078,1.51,1.202,1.205,1.199,1.199
24.60000000000008,1.51,1.202,1.204,1.199,1.199
24.70000000000008,1.51,1.201,1.203,1.199,1.199
24.800000000000082,1.511,1.2,1.202,1.198,1.198
24.900000000000084,1.512,1.2,1.2,1.197,1.197
25.000000000000085,1.512,1.199,1.201,1.196,1.196
25.100000000000087,1.513,1.2,1.201,1.196,1.196
25.200000000000088,1.513,1.2,1.202,1.197,1.197
25.30000000000009,1.513,1.201,1.202,1.198,1.198
25.40000000000009,1.513,1.202,1.202,1.199,1.199
25.500000000000092,1.513,1.202,1.202,1.2,1.2
25.600000000000094,1.513,1.202,1.202,1.201,1.201
25.700000000000095,1.513,1.202,1.202,1.201,1.201
25.800000000000097,1.514,1.201,1.201,1.201,1.201
25.900000000000098,1.514,1.2,1.201,1.2,1.2
26.0000000000001,1.515,1.2,1.2,1.2,1.2
26.1000000000001,1.516,1.199,1.201,1.199,1.199
26.200000000000102,1.517,1.2,1.202,1.198,1.198
26.300000000000104,1.517,1.201,1.203,1.199,1.199
26.400000000000105,1.517,1.201,1.203,1.2,1.2
26.500000000000107,1.517,1.202,1.204,1.201,1.201
26.600000000000108,1.517,1.202,1.204,1.201,1.201
26.70000000000011,1.517,1.202,1.203,1.201,1.201
26.80000000000011,1.517,1.202,1.203,1.201,1.201
26.900000000000112,1.517,1.201,1.202,1.201,1.201
27.000000000000114,1.517,1.2,1.201,1.2,1.2
27.100000000000115,1.518,1.2,1.201,1.2,1.2
27.200000000000117,1.519,1.199,1.201,1.199,1.199
27.300000000000118,1.519,1.2,1.202,1.199,1.199
27.40000000000012,1.519,1.2,1.202,1.199,1.199
27.50000000000012,1.52,1.201,1.203,1.2,1.2
27.600000000000122,1.52,1.202,1.204,1.201,1.201
27.700000000000124,1.52,1.202,1.204,1.201,1.201
27.800000000000125,1.52,1.202,1.203,1.202,1.202
27.900000000000126,1.52,1.202,1.203,1.201,1.201
28.000000000000128,1.52,1.201,1.202,1.201,1.201
28.10000000000013,1.521,1.201,1.201,1.201,1.201
28.20000000000013,1.522,1.2,1.2,1.2,1.2
28.300000000000132,1.524,1.199,1.199,1.199,1.199
28.400000000000134,1.526,1.2,1.2,1.199,1.199
28.500000000000135,1.527,1.2,1.201,1.199,1.199
28.600000000000136,1.528,1.201,1.201,1.2,1.2
28.700000000000138,1.528,1.202,1.202,1.201,1.201
28.80000000000014,1.529,1.202,1.203,1.201,1.201
28.90000000000014,1.529,1.202,1.203,1.202,1.202
29.000000000000142,1.529,1.202,1.202,1.202,1.202
29.100000000000144,1.529,1.201,1.202,1.201,1.201
29.200000000000145,1.528,1.201,1.201,1.201,1.201
29.300000000000146,1.528,1.2,1.2,1.2,1.2
29.400000000000148,1.528,1.199,1.2,1.199,1.199
29.50000000000015,1.528,1.198,1.201,1.198,1.199
29.60000000000015,1.528,1.199,1.201,1.199,1.199
29.700000000000152,1.528,1.2,1.202,1.2,1.2
29.800000000000153,1.528,1.201,1.203,1.2,1.2
29.900000000000155,1.528,1.202,1.203,1.201,1.201
30.000000000000156,1.528,1.202,1.203,1.201,1.201
30.100000000000158,1.529,1.202,1.203,1.202,1.202
30.20000000000016,1.529,1.202,1.203,1.201,1.201
30.30000000000016,1.529,1.201,1.203,1.201,1.201
30.400000000000162,1.529,1.2,1.203,1.2,1.2
30.500000000000163,1.53,1.2,1.202,1.199,1.199
30.600000000000165,1.53,1.199,1.202,1.198,1.198
30.700000000000166,1.531,1.2,1.202,1.198,1.198
30.800000000000168,1.532,1.2,1.202,1.198,1.198
30.90000000000017,1.533,1.201,1.202,1.2,1.2
31.00000000000017,1.534,1.201,1.202,1.2,1.2
31.100000000000172,1.535,1.201,1.202,1.201,1.201
31.200000000000173,1.536,1.201,1.203,1.201,1.202
31.300000000000175,1.537,1.201,1.205,1.201,1.202
31.400000000000176,1.538,1.201,1.207,1.201,1.201
31.500000000000178,1.539,1.201,1.21,1.201,1.201
31.60000000000018,1.54,1.201,1.213,1.2,1.2
31.70000000000018,1.541,1.201,1.217,1.199,1.199
31.800000000000182,1.542,1.2,1.222,1.199,1.199
31.900000000000183,1.543,1.201,1.229,1.199,1.199
32.000000000000185,1.543,1.201,1.236,1.2,1.2
32.100000000000186,1.543,1.202,1.242,1.2,1.2
32.20000000000019,1.543,1.202,1.248,1.201,1.201
32.30000000000019,1.542,1.202,1.253,1.201,1.201
32.40000000000019,1.542,1.202,1.257,1.201,1.201
32.50000000000019,1.543,1.201,1.259,1.201,1.201
32.60000000000019,1.544,1.2,1.26,1.2,1.201
32.700000000000195,1.545,1.199,1.259,1.199,1.201
32.800000000000196,1.547,1.198,1.257,1.198,1.2
32.9000000000002,1.55,1.197,1.253,1.197,1.2
33.0000000000002,1.553,1.196,1.249,1.196,1.199
33.1000000000002,1.555,1.197,1.246,1.197,1.199
33.2000000000002,1.557,1.198,1.243,1.198,1.2
33.3000000000002,1.554,1.199,1.242,1.199,1.2
33.400000000000205,1.54,1.2,1.241,1.2,1.201
33.500000000000206,1.518,1.202,1.24,1.201,1.201
33.60000000000021,1.489,1.203,1.24,1.2,1.2
33.70000000000021,1.451,1.203,1.24,1.2,1.2
33.80000000000021,1.408,1.204,1.24,1.199,1.199
33.90000000000021,1.359,1.204,1.241,1.198,1.198
34.00000000000021,1.304,1.204,1.243,1.197,1.197
34.100000000000215,1.245,1.203,1.244,1.196,1.196
34.200000000000216,1.182,1.203,1.182,1.195,1.195
34.30000000000022,1.116,1.203,1.116,1.196,1.196
34.40000000000022,1.052,1.203,1.052,1.197,1.197
34.50000000000022,0.991,1.204,0.991,1.198,1.198
34.60000000000022,0.932,1.204,0.932,1.2,1.2
34.70000000000022,0.877,1.202,0.877,1.201,1.201
34.800000000000225,0.824,1.177,0.824,1.202,1.202
34.900000000000226,0.775,1.15,0.775,1.201,1.203
35.00000000000023,0.728,1.12,0.728,1.196,1.203
35.10000000000023,0.685,1.089,0.685,1.189,1.203
35.20000000000023,0.646,1.057,0.646,1.179,1.202
35.30000000000023,0.609,1.024,0.609,1.168,1.199
35.40000000000023,0.576,0.99,0.576,1.156,1.197
35.500000000000234,0.637,0.956,0.637,1.142,1.193
35.600000000000236,0.693,0.93,0.693,1.126,1.189
35.70000000000024,0.745,0.91,0.745,1.11,1.184
35.80000000000024,0.785,0.898,0.785,1.094,1.178
35.90000000000024,0.815,0.891,0.815,1.078,1.171
36.00000000000024,0.835,0.887,0.835,1.064,1.163
36.10000000000024,0.848,0.884,0.848,1.05,1.155
36.200000000000244,0.855,0.883,0.855,1.036,1.145
36.300000000000246,0.86,0.883,0.86,1.023,1.135
36.40000000000025,0.862,0.883,0.862,1.01,1.125
36.50000000000025,0.865,0.883,0.865,0.999,1.115
36.60000000000025,0.87,0.884,0.87,0.988,1.104
36.70000000000025,0.876,0.889,0.876,0.978,1.095
36.80000000000025,0.883,0.899,0.883,0.97,1.085
36.900000000000254,0.89,0.907,0.89,0.963,1.077
37.000000000000256,0.897,0.913,0.897,0.959,1.068
37.10000000000026,0.906,0.919,0.906,0.955,1.059
37.20000000000026,0.915,0.925,0.915,0.951,1.051
37.30000000000026,0.925,0.93,0.925,0.948,1.043
37.40000000000026,0.939,0.934,0.934,0.945,1.035
37.50000000000026,0.957,0.937,0.937,0.942,1.027
37.600000000000264,0.981,0.94,0.942,0.94,1.019
37.700000000000266,1.011,0.94,0.946,0.94,1.012
37.80000000000027,1.049,0.941,0.953,0.941,1.005
37.90000000000027,1.09,0.945,0.974,0.945,1.0
38.00000000000027,1.139,0.954,0.993,0.954,0.997
38.10000000000027,1.194,0.967,1.01,0.967,0.994
38.20000000000027,1.254,0.98,1.024,0.98,0.993
38.300000000000274,1.316,0.993,1.036,0.993,0.993
38.400000000000276,1.378,1.004,1.045,0.992,0.992
38.50000000000028,1.441,1.014,1.052,0.991,0.991
38.60000000000028,1.503,1.023,1.055,0.989,0.989
38.70000000000028,1.563,1.03,1.056,0.987,0.987
38.80000000000028,1.621,1.037,1.055,0.984,0.984
38.90000000000028,1.675,1.042,1.051,0.982,0.982
39.000000000000284,1.727,1.044,1.044,0.981,0.981
39.100000000000286,1.774,1.034,1.034,0.981,0.981
39.20000000000029,1.808,1.022,1.022,0.984,0.984
39.30000000000029,1.831,1.009,1.009,0.99,0.99
39.40000000000029,1.856,0.996,0.996,0.995,0.995
39.50000000000029,1.882,0.982,0.982,1.002,1.002
39.60000000000029,1.911,0.968,0.968,1.009,1.009
39.700000000000294,1.941,0.955,0.955,1.016,1.016
39.800000000000296,1.972,0.942,0.942,1.024,1.024
39.9000000000003,2.003,0.93,0.93,1.03,1.03
40.0000000000003,2.035,0.918,0.918,1.035,1.035
40.1000000000003,2.066,0.908,0.908,1.038,1.038
40.2000000000003,2.098,0.898,0.898,1.039,1.039
40.3000000000003,2.13,0.889,0.889,1.039,1.039
40.400000000000304,2.162,0.88,0.88,1.038,1.038
40.500000000000306,2.179,0.871,0.871,1.035,1.035
40.60000000000031,2.191,0.862,0.862,1.033,1.033
40.70000000000031,2.201,0.852,0.852,1.033,1.033
40.80000000000031,2.209,0.841,0.841,1.034,1.034
40.90000000000031,2.214,0.829,0.829,1.038,1.038
41.00000000000031,2.217,0.816,0.816,1.045,1.045
41.100000000000314,2.219,0.801,0.801,1.051,1.051
41.200000000000315,2.219,0.785,0.785,1.04,1.055
41.30000000000032,2.219,0.769,0.769,1.026,1.058
41.40000000000032,2.217,0.753,0.753,1.013,1.06
41.50000000000032,2.216,0.737,0.737,1.001,1.063
41.60000000000032,2.215,0.722,0.722,0.989,1.064
41.70000000000032,2.214,0.707,0.707,0.979,1.064
41.800000000000324,2.215,0.693,0.693,0.969,1.063
41.900000000000325,2.218,0.681,0.681,0.957,1.06
42.00000000000033,2.224,0.67,0.67,0.945,1.054
42.10000000000033,2.229,0.671,0.671,0.932,1.047
42.20000000000033,2.233,0.68,0.68,0.919,1.039
42.30000000000033,2.237,0.697,0.697,0.907,1.029
42.40000000000033,2.24,0.72,0.72,0.897,1.018
42.500000000000334,2.243,0.745,0.745,0.889,1.006
42.600000000000335,2.244,0.772,0.772,0.883,0.994
42.70000000000034,2.246,0.8,0.8,0.879,0.984
42.80000000000034,2.246,0.828,0.828,0.876,0.975
42.90000000000034,2.247,0.855,0.855,0.875,0.967
43.00000000000034,2.247,0.875,0.882,0.875,0.961
43.10000000000034,2.247,0.877,0.907,0.877,0.956
43.200000000000344,2.247,0.879,0.93,0.879,0.952
43.300000000000345,2.247,0.883,0.951,0.883,0.948
43.40000000000035,2.247,0.887,0.972,0.887,0.945
43.50000000000035,2.248,0.892,0.991,0.892,0.941
43.60000000000035,2.244,0.898,1.009,0.898,0.939
43.70000000000035,2.23,0.905,1.027,0.905,0.937
43.80000000000035,2.208,0.914,1.044,0.914,0.935
43.900000000000354,2.179,0.924,1.06,0.924,0.935
44.000000000000355,2.142,0.934,1.077,0.934,0.937
44.10000000000036,2.1,0.945,1.093,0.939,0.939
44.20000000000036,2.051,0.958,1.107,0.942,0.942
44.30000000000036,1.997,0.97,1.119,0.945,0.945
44.40000000000036,1.938,0.983,1.129,0.948,0.948
44.50000000000036,1.875,0.995,1.137,0.952,0.952
44.600000000000364,1.808,1.007,1.143,0.955,0.955
44.700000000000365,1.738,1.018,1.146,0.959,0.959
44.80000000000037,1.666,1.028,1.148,0.964,0.964
44.90000000000037,1.591,1.037,1.149,0.969,0.969
45.00000000000037,1.514,1.045,1.149,0.974,0.974
45.10000000000037,1.436,1.053,1.148,0.98,0.98
45.20000000000037,1.357,1.06,1.147,0.987,0.987
45.300000000000374,1.276,1.066,1.148,0.994,0.994
45.400000000000375,1.194,1.072,1.15,1.0,1.0
45.50000000000038,1.11,1.079,1.11,1.007,1.007
45.60000000000038,1.032,1.085,1.032,1.013,1.013
45.70000000000038,0.959,1.09,0.959,1.019,1.019
45.80000000000038,0.981,1.095,0.981,1.025,1.025
45.90000000000038,1.001,1.097,1.001,1.03,1.03
46.000000000000384,1.02,1.098,1.02,1.035,1.035
46.100000000000385,1.037,1.096,1.037,1.039,1.039
46.20000000000039,1.052,1.091,1.052,1.043,1.043
46.30000000000039,1.066,1.088,1.066,1.047,1.047
46.40000000000039,1.08,1.087,1.08,1.05,1.05
46.50000000000039,1.092,1.087,1.087,1.054,1.054
46.60000000000039,1.103,1.089,1.089,1.058,1.058
46.700000000000394,1.114,1.091,1.091,1.062,1.062
46.800000000000395,1.124,1.093,1.093,1.065,1.065
46.9000000000004,1.134,1.097,1.097,1.069,1.069
47.0000000000004,1.144,1.1,1.1,1.072,1.072
47.1000000000004,1.153,1.101,1.104,1.074,1.074
47.2000000000004,1.162,1.101,1.109,1.076,1.076
47.3000000000004,1.171,1.101,1.113,1.077,1.077
47.400000000000404,1.18,1.101,1.119,1.078,1.078
47.500000000000405,1.188,1.101,1.124,1.079,1.079
47.600000000000406,1.196,1.102,1.129,1.081,1.081
47.70000000000041,1.204,1.103,1.135,1.083,1.083
47.80000000000041,1.213,1.105,1.141,1.085,1.085
47.90000000000041,1.223,1.106,1.146,1.087,1.087
48.00000000000041,1.233,1.108,1.151,1.089,1.089
48.10000000000041,1.245,1.11,1.156,1.091,1.091
48.200000000000415,1.257,1.113,1.16,1.092,1.092
48.300000000000416,1.27,1.115,1.163,1.094,1.094
48.40000000000042,1.284,1.118,1.167,1.095,1.095
48.50000000000042,1.294,1.121,1.169,1.097,1.097
48.60000000000042,1.3,1.124,1.169,1.099,1.099
48.70000000000042,1.306,1.127,1.169,1.102,1.102
48.80000000000042,1.311,1.129,1.169,1.104,1.104
48.900000000000425,1.314,1.13,1.168,1.107,1.107
49.000000000000426,1.317,1.131,1.167,1.11,1.11
49.10000000000043,1.319,1.131,1.166,1.112,1.112
49.20000000000043,1.321,1.132,1.165,1.114,1.114
49.30000000000043,1.321,1.132,1.164,1.116,1.116
49.40000000000043,1.321,1.132,1.163,1.117,1.117
49.50000000000043,1.321,1.133,1.162,1.119,1.119
49.600000000000435,1.32,1.134,1.161,1.12,1.12
49.700000000000436,1.319,1.136,1.161,1.122,1.122
49.80000000000044,1.318,1.138,1.161,1.123,1.123
49.90000000000044,1.317,1.143,1.162,1.125,1.125
50.00000000000044,1.316,1.148,1.164,1.126,1.126
50.10000000000044,1.316,1.153,1.166,1.127,1.127
50.20000000000044,1.316,1.157,1.168,1.127,1.127
50.300000000000445,1.317,1.161,1.171,1.128,1.128
50.400000000000446,1.316,1.165,1.173,1.129,1.129
50.50000000000045,1.316,1.167,1.173,1.129,1.129
50.60000000000045,1.315,1.169,1.172,1.131,1.131
50.70000000000045,1.315,1.17,1.17,1.132,1.132
50.80000000000045,1.314,1.166,1.166,1.134,1.134
50.90000000000045,1.314,1.162,1.162,1.136,1.136
51.000000000000455,1.314,1.157,1.157,1.139,1.139
51.100000000000456,1.315,1.154,1.154,1.144,1.144
51.20000000000046,1.315,1.153,1.153,1.149,1.149
51.30000000000046,1.315,1.153,1.153,1.154,1.154
51.40000000000046,1.316,1.155,1.155,1.157,1.157
51.50000000000046,1.316,1.157,1.157,1.161,1.161
51.60000000000046,1.316,1.159,1.159,1.163,1.163
51.700000000000465,1.316,1.163,1.163,1.163,1.164
51.800000000000466,1.316,1.162,1.166,1.162,1.165
51.90000000000047,1.316,1.163,1.17,1.163,1.165
52.00000000000047,1.316,1.163,1.175,1.163,1.165
52.10000000000047,1.316,1.164,1.179,1.164,1.165
52.20000000000047,1.316,1.165,1.184,1.165,1.165
52.30000000000047,1.317,1.167,1.189,1.165,1.165
52.400000000000475,1.317,1.169,1.193,1.165,1.165
52.500000000000476,1.317,1.172,1.195,1.166,1.166
52.60000000000048,1.317,1.174,1.196,1.166,1.166
52.70000000000048,1.317,1.175,1.196,1.167,1.167
52.80000000000048,1.317,1.176,1.196,1.167,1.167
52.90000000000048,1.317,1.177,1.194,1.168,1.168
53.00000000000048,1.317,1.177,1.192,1.168,1.168
53.100000000000485,1.317,1.177,1.191,1.169,1.169
53.200000000000486,1.317,1.177,1.189,1.169,1.169
53.30000000000049,1.317,1.177,1.188,1.17,1.17
53.40000000000049,1.317,1.177,1.188,1.17,1.17
53.50000000000049,1.317,1.178,1.19,1.171,1.171
53.60000000000049,1.317,1.18,1.192,1.172,1.172
53.70000000000049,1.317,1.182,1.195,1.173,1.173
53.800000000000495,1.318,1.185,1.197,1.173,1.173
53.900000000000496,1.319,1.187,1.198,1.174,1.174
54.0000000000005,1.319,1.189,1.199,1.175,1.175
54.1000000000005,1.319,1.19,1.2,1.175,1.175
54.2000000000005,1.318,1.191,1.2,1.175,1.175
54.3000000000005,1.306,1.191,1.201,1.175,1.175
54.4000000000005,1.286,1.191,1.201,1.175,1.175
54.500000000000504,1.258,1.191,1.201,1.175,1.175
54.600000000000506,1.223,1.191,1.201,1.176,1.176
54.70000000000051,1.182,1.192,1.182,1.177,1.177
54.80000000000051,1.137,1.193,1.137,1.179,1.179
54.90000000000051,1.09,1.193,1.09,1.182,1.182
55.00000000000051,1.042,1.185,1.042,1.184,1.184
55.10000000000051,0.993,1.173,0.993,1.186,1.186
55.200000000000514,0.945,1.158,0.945,1.188,1.188
55.300000000000516,0.897,1.14,0.897,1.189,1.189
55.40000000000052,0.85,1.12,0.85,1.185,1.189
55.50000000000052,0.804,1.098,0.804,1.18,1.188
55.60000000000052,0.76,1.075,0.76,1.173,1.186
55.70000000000052,0.717,1.05,0.717,1.165,1.184
55.80000000000052,0.676,1.024,0.676,1.156,1.182
55.900000000000524,0.636,0.998,0.636,1.145,1.18
56.000000000000526,0.598,0.97,0.598,1.133,1.177
56.10000000000053,0.563,0.941,0.563,1.12,1.174
56.20000000000053,0.529,0.912,0.529,1.105,1.169
56.30000000000053,0.497,0.882,0.497,1.089,1.164
56.40000000000053,0.557,0.851,0.557,1.071,1.158
56.50000000000053,0.612,0.828,0.612,1.053,1.151
56.600000000000534,0.661,0.811,0.661,1.033,1.143
56.700000000000536,0.703,0.8,0.703,1.014,1.134
56.80000000000054,0.74,0.793,0.74,0.995,1.124
56.90000000000054,0.77,0.789,0.77,0.978,1.114
57.00000000000054,0.796,0.789,0.789,0.962,1.103
57.10000000000054,0.816,0.79,0.79,0.947,1.091
57.20000000000054,0.831,0.792,0.792,0.935,1.08
57.300000000000544,0.842,0.796,0.796,0.924,1.069
57.400000000000546,0.849,0.801,0.801,0.913,1.057
57.50000000000055,0.855,0.806,0.806,0.905,1.046
57.60000000000055,0.859,0.811,0.811,0.897,1.034
57.70000000000055,0.862,0.816,0.816,0.89,1.023
57.80000000000055,0.865,0.82,0.82,0.884,1.011
57.90000000000055,0.87,0.825,0.825,0.879,0.999
58.000000000000554,0.875,0.83,0.83,0.874,0.988
58.100000000000556,0.883,0.834,0.834,0.871,0.977
58.20000000000056,0.892,0.839,0.839,0.868,0.967
58.30000000000056,0.903,0.844,0.844,0.866,0.958
58.40000000000056,0.917,0.85,0.85,0.864,0.95
58.50000000000056,0.933,0.856,0.856,0.863,0.943
58.60000000000056,0.953,0.863,0.863,0.863,0.936
58.700000000000564,0.976,0.864,0.871,0.864,0.93
58.800000000000566,1.001,0.865,0.88,0.865,0.925
58.90000000000057,1.03,0.867,0.891,0.867,0.92
59.00000000000057,1.062,0.869,0.903,0.869,0.915
59.10000000000057,1.091,0.873,0.916,0.873,0.911
59.20000000000057,1.117,0.876,0.93,0.876,0.908
59.30000000000057,1.14,0.88,0.943,0.88,0.905
59.400000000000574,1.159,0.885,0.956,0.885,0.903
59.500000000000576,1.175,0.89,0.968,0.89,0.901
59.60000000000058,1.187,0.895,0.978,0.895,0.901
59.70000000000058,1.196,0.901,0.986,0.9,0.9
59.80000000000058,1.202,0.908,0.992,0.901,0.901
59.90000000000058,1.209,0.914,1.0,0.902,0.902
60.00000000000058,1.217,0.921,1.009,0.903,0.903
60.100000000000584,1.226,0.929,1.019,0.905,0.905
60.200000000000585,1.236,0.938,1.029,0.907,0.907
60.30000000000059,1.245,0.947,1.038,0.91,0.91
60.40000000000059,1.253,0.955,1.046,0.913,0.913
60.50000000000059,1.259,0.964,1.052,0.915,0.915
60.60000000000059,1.265,0.973,1.057,0.918,0.918
60.70000000000059,1.27,0.982,1.06,0.922,0.922
60.800000000000594,1.273,0.99,1.062,0.926,0.926
60.900000000000595,1.275,0.997,1.064,0.93,0.93
61.0000000000006,1.277,1.004,1.067,0.935,0.935
61.1000000000006,1.277,1.009,1.069,0.941,0.941
61.2000000000006,1.277,1.014,1.072,0.947,0.947
61.3000000000006,1.275,1.019,1.074,0.954,0.954
61.4000000000006,1.274,1.023,1.076,0.961,0.961
61.500000000000604,1.272,1.027,1.079,0.968,0.968
61.600000000000605,1.27,1.031,1.081,0.975,0.975
61.70000000000061,1.268,1.034,1.084,0.982,0.982
61.80000000000061,1.267,1.037,1.087,0.988,0.988
61.90000000000061,1.267,1.039,1.09,0.995,0.995
62.00000000000061,1.267,1.042,1.096,1.001,1.001
62.10000000000061,1.266,1.046,1.104,1.006,1.006
62.200000000000614,1.266,1.05,1.112,1.01,1.01
62.300000000000615,1.266,1.054,1.121,1.014,1.014
62.40000000000062,1.266,1.059,1.128,1.018,1.018
62.50000000000062,1.266,1.064,1.135,1.021,1.021
62.60000000000062,1.266,1.068,1.14,1.025,1.025
62.70000000000062,1.265,1.074,1.146,1.028,1.028
62.80000000000062,1.265,1.08,1.151,1.031,1.031
62.900000000000624,1.265,1.086,1.156,1.035,1.035
63.000000000000625,1.265,1.092,1.161,1.039,1.039
63.10000000000063,1.265,1.098,1.165,1.043,1.043
63.20000000000063,1.265,1.104,1.17,1.049,1.049
63.30000000000063,1.265,1.109,1.175,1.055,1.055
63.40000000000063,1.265,1.115,1.18,1.062,1.062
63.50000000000063,1.264,1.12,1.185,1.069,1.069
63.600000000000634,1.264,1.126,1.19,1.076,1.076
63.700000000000635,1.264,1.131,1.196,1.082,1.082
63.80000000000064,1.264,1.137,1.203,1.089,1.089
63.90000000000064,1.265,1.142,1.209,1.095,1.095
64.00000000000064,1.266,1.147,1.215,1.101,1.101
64.10000000000063,1.268,1.151,1.22,1.107,1.107
64.20000000000063,1.269,1.155,1.225,1.112,1.112
64.30000000000062,1.27,1.158,1.227,1.116,1.116
64.40000000000062,1.27,1.16,1.228,1.12,1.12
64.50000000000061,1.27,1.163,1.226,1.124,1.124
64.6000000000006,1.27,1.165,1.222,1.127,1.127
64.7000000000006,1.27,1.167,1.217,1.13,1.13
64.8000000000006,1.27,1.169,1.211,1.132,1.132
64.90000000000059,1.271,1.171,1.206,1.135,1.135
65.00000000000058,1.271,1.176,1.202,1.138,1.138
65.10000000000058,1.271,1.18,1.199,1.141,1.141
65.20000000000057,1.272,1.183,1.196,1.144,1.144
65.30000000000057,1.272,1.186,1.194,1.147,1.147
65.40000000000056,1.272,1.188,1.193,1.15,1.15
65.50000000000055,1.273,1.189,1.193,1.153,1.153
65.60000000000055,1.273,1.189,1.192,1.155,1.155
65.70000000000054,1.273,1.189,1.193,1.157,1.157
65.80000000000054,1.273,1.188,1.194,1.159,1.159
65.90000000000053,1.273,1.187,1.195,1.16,1.16
66.00000000000053,1.273,1.187,1.198,1.161,1.161
66.10000000000052,1.273,1.188,1.2,1.162,1.162
66.20000000000051,1.273,1.19,1.202,1.165,1.165
66.30000000000051,1.274,1.191,1.204,1.169,1.169
66.4000000000005,1.275,1.193,1.206,1.172,1.172
66.5000000000005,1.275,1.194,1.207,1.175,1.175
66.60000000000049,1.275,1.195,1.208,1.177,1.177
66.70000000000049,1.275,1.195,1.207,1.179,1.179
66.80000000000048,1.275,1.195,1.205,1.18,1.18
66.90000000000047,1.276,1.195,1.202,1.181,1.181
67.00000000000047,1.276,1.195,1.199,1.181,1.181
67.10000000000046,1.276,1.195,1.196,1.182,1.182
67.20000000000046,1.277,1.195,1.195,1.182,1.182
67.30000000000045,1.277,1.194,1.194,1.184,1.184
67.40000000000045,1.277,1.193,1.193,1.187,1.187
67.50000000000044,1.278,1.193,1.193,1.188,1.188
67.60000000000043,1.278,1.193,1.193,1.19,1.19
67.70000000000043,1.278,1.193,1.193,1.191,1.191
67.80000000000042,1.278,1.194,1.194,1.192,1.192
67.90000000000042,1.278,1.194,1.195,1.192,1.192
68.00000000000041,1.279,1.193,1.196,1.192,1.192
68.1000000000004,1.279,1.193,1.198,1.191,1.191
68.2000000000004,1.279,1.193,1.201,1.19,1.19
68.3000000000004,1.278,1.194,1.204,1.19,1.19
68.40000000000039,1.278,1.196,1.207,1.191,1.191
68.50000000000038,1.279,1.197,1.209,1.192,1.192
68.60000000000038,1.28,1.198,1.212,1.193,1.193
68.70000000000037,1.281,1.198,1.214,1.193,1.193
68.80000000000037,1.282,1.199,1.216,1.194,1.194
68.90000000000036,1.282,1.199,1.217,1.194,1.194
69.00000000000036,1.282,1.198,1.216,1.194,1.194
69.10000000000035,1.282,1.198,1.214,1.194,1.194
69.20000000000034,1.283,1.197,1.211,1.193,1.193
69.30000000000034,1.283,1.197,1.208,1.193,1.193
69.40000000000033,1.283,1.197,1.205,1.193,1.193
69.50000000000033,1.284,1.198,1.202,1.194,1.194
69.60000000000032,1.284,1.198,1.2,1.195,1.195
69.70000000000032,1.284,1.199,1.199,1.196,1.196
69.80000000000031,1.284,1.198,1.198,1.197,1.197
69.9000000000003,1.285,1.197,1.197,1.198,1.198
70.0000000000003,1.285,1.197,1.197,1.198,1.198
70.10000000000029,1.285,1.197,1.197,1.198,1.198
70.20000000000029,1.285,1.198,1.198,1.197,1.197
70.30000000000028,1.286,1.197,1.199,1.197,1.197
70.40000000000028,1.286,1.196,1.202,1.196,1.196
70.50000000000027,1.286,1.196,1.205,1.196,1.196
70.60000000000026,1.286,1.197,1.209,1.196,1.196
70.70000000000026,1.286,1.198,1.212,1.196,1.196
70.80000000000025,1.286,1.199,1.215,1.197,1.197
70.90000000000025,1.287,1.2,1.218,1.198,1.198
71.00000000000024,1.288,1.2,1.22,1.199,1.199
71.10000000000024,1.288,1.2,1.221,1.199,1.199
71.20000000000023,1.288,1.2,1.221,1.199,1.199
71.30000000000022,1.288,1.2,1.219,1.198,1.198
71.40000000000022,1.288,1.199,1.216,1.198,1.198
71.50000000000021,1.289,1.198,1.212,1.197,1.197
71.60000000000021,1.289,1.198,1.209,1.196,1.196
71.7000000000002,1.29,1.198,1.207,1.196,1.196
71.8000000000002,1.29,1.199,1.204,1.197,1.197
71.90000000000019,1.291,1.2,1.203,1.198,1.198
72.00000000000018,1.291,1.201,1.201,1.199,1.199
72.10000000000018,1.291,1.201,1.201,1.2,1.2
72.20000000000017,1.292,1.2,1.2,1.2,1.2
72.30000000000017,1.292,1.2,1.2,1.2,1.2
72.40000000000016,1.292,1.2,1.201,1.2,1.2
72.50000000000016,1.293,1.2,1.202,1.199,1.199
72.60000000000015,1.293,1.199,1.203,1.198,1.198
72.70000000000014,1.293,1.199,1.206,1.198,1.198
72.80000000000014,1.293,1.199,1.209,1.197,1.197
72.90000000000013,1.293,1.2,1.212,1.198,1.198
73.00000000000013,1.293,1.201,1.215,1.199,1.199
73.10000000000012,1.293,1.201,1.217,1.2,1.2
73.20000000000012,1.294,1.202,1.22,1.2,1.2
73.30000000000011,1.295,1.202,1.221,1.201,1.201
73.4000000000001,1.295,1.201,1.222,1.201,1.201
73.5000000000001,1.295,1.201,1.221,1.2,1.2
73.6000000000001,1.295,1.2,1.219,1.2,1.2
73.70000000000009,1.295,1.199,1.215,1.199,1.199
73.80000000000008,1.296,1.199,1.211,1.198,1.198
73.90000000000008,1.296,1.199,1.208,1.198,1.198
74.00000000000007,1.297,1.199,1.206,1.199,1.199
74.10000000000007,1.297,1.2,1.203,1.2,1.2
74.20000000000006,1.298,1.201,1.202,1.2,1.2
74.30000000000005,1.297,1.2,1.2,1.201,1.201
74.40000000000005,1.286,1.2,1.2,1.201,1.201
74.50000000000004,1.267,1.199,1.199,1.201,1.201
74.60000000000004,1.239,1.199,1.199,1.201,1.201
74.70000000000003,1.204,1.2,1.2,1.2,1.2
74.80000000000003,1.163,1.199,1.163,1.199,1.199
74.90000000000002,1.118,1.198,1.118,1.198,1.199
75.00000000000001,1.072,1.196,1.072,1.198,1.198
75.10000000000001,1.025,1.189,1.025,1.198,1.198
75.2,0.978,1.179,0.978,1.198,1.199
75.3,0.931,1.165,0.931,1.198,1.199
75.39999999999999,0.885,1.148,0.885,1.196,1.2
75.49999999999999,0.84,1.129,0.84,1.192,1.2
75.59999999999998,0.796,1.107,0.796,1.187,1.2
75.69999999999997,0.754,1.084,0.754,1.18,1.198
75.79999999999997,0.714,1.059,0.714,1.172,1.196
75.89999999999996,0.677,1.032,0.677,1.162,1.194
75.99999999999996,0.641,1.005,0.641,1.15,1.19
76.09999999999995,0.608,0.976,0.608,1.138,1.186
76.19999999999995,0.578,0.947,0.578,1.124,1.181
76.29999999999994,0.55,0.918,0.55,1.109,1.177
76.39999999999993,0.525,0.889,0.525,1.093,1.172
76.49999999999993,0.589,0.859,0.589,1.076,1.167
76.59999999999992,0.648,0.838,0.648,1.057,1.16
76.69999999999992,0.7,0.822,0.7,1.039,1.152
76.79999999999991,0.741,0.814,0.741,1.021,1.142
76.8999999999999,0.77,0.81,0.77,1.004,1.132
76.9999999999999,0.79,0.809,0.79,0.989,1.121
77.0999999999999,0.801,0.809,0.801,0.974,1.109
77.19999999999989,0.808,0.81,0.808,0.96,1.098
77.29999999999988,0.812,0.812,0.812,0.947,1.086
77.39999999999988,0.814,0.815,0.814,0.934,1.074
77.49999999999987,0.819,0.817,0.817,0.923,1.062
77.59999999999987,0.827,0.82,0.82,0.912,1.051
77.69999999999986,0.838,0.824,0.824,0.904,1.04
77.79999999999986,0.851,0.828,0.828,0.897,1.029
77.89999999999985,0.867,0.832,0.832,0.891,1.018
77.99999999999984,0.885,0.838,0.838,0.887,1.008
78.09999999999984,0.904,0.845,0.845,0.883,0.998
78.19999999999983,0.924,0.852,0.852,0.88,0.988
78.29999999999983,0.945,0.86,0.86,0.879,0.978
78.39999999999982,0.968,0.869,0.869,0.879,0.97
78.49999999999982,0.994,0.878,0.878,0.881,0.962
78.59999999999981,1.023,0.886,0.888,0.886,0.955
78.6999999999998,1.055,0.893,0.9,0.893,0.949
78.7999999999998,1.09,0.904,0.913,0.904,0.944
78.89999999999979,1.128,0.919,0.928,0.919,0.941
78.99999999999979,1.163,0.938,0.944,0.938,0.939
79.09999999999978,1.196,0.957,0.961,0.94,0.94
79.19999999999978,1.226,0.974,0.978,0.941,0.941
79.29999999999977,1.254,0.99,0.993,0.943,0.943
79.39999999999976,1.281,1.005,1.005,0.944,0.944
79.49999999999976,1.305,1.015,1.015,0.946,0.946
79.59999999999975,1.328,1.022,1.022,0.947,0.947
79.69999999999975,1.348,1.027,1.027,0.949,0.949
79.79999999999974,1.365,1.029,1.029,0.951,0.951
79.89999999999974,1.379,1.03,1.03,0.955,0.955
79.99999999999973,1.391,1.028,1.028,0.961,0.961
80.09999999999972,1.4,1.024,1.024,0.969,0.969
80.19999999999972,1.405,1.018,1.018,0.981,0.981
80.29999999999971,1.408,1.011,1.011,0.993,0.993
80.39999999999971,1.41,1.003,1.003,1.005,1.005
80.4999999999997,1.411,0.997,0.997,1.017,1.017
80.5999999999997,1.41,0.991,0.991,1.028,1.028
80.69999999999969,1.409,0.986,0.986,1.038,1.038
80.79999999999968,1.407,0.983,0.983,1.046,1.046
80.89999999999968,1.406,0.981,0.981,1.054,1.054
80.99999999999967,1.404,0.98,0.98,1.061,1.061
81.09999999999967,1.403,0.98,0.98,1.066,1.066
81.19999999999966,1.403,0.982,0.982,1.069,1.069
81.29999999999966,1.404,0.984,0.984,1.072,1.072
81.39999999999965,1.406,0.989,0.989,1.073,1.073
81.49999999999964,1.41,0.997,0.997,1.074,1.074
81.59999999999964,1.414,1.005,1.005,1.075,1.075
81.69999999999963,1.419,1.015,1.015,1.075,1.075
81.79999999999963,1.426,1.026,1.026,1.076,1.076
81.89999999999962,1.433,1.037,1.037,1.078,1.078
81.99999999999962,1.442,1.048,1.048,1.081,1.081
82.09999999999961,1.452,1.059,1.059,1.084,1.084
82.1999999999996,1.463,1.069,1.069,1.087,1.087
82.2999999999996,1.475,1.079,1.079,1.09,1.09
82.3999999999996,1.484,1.089,1.089,1.092,1.092
82.49999999999959,1.491,1.099,1.099,1.094,1.094
82.59999999999958,1.495,1.108,1.108,1.095,1.095
82.69999999999958,1.498,1.115,1.115,1.097,1.097
82.79999999999957,1.498,1.12,1.12,1.099,1.099
82.89999999999957,1.498,1.122,1.124,1.101,1.101
82.99999999999956,1.496,1.123,1.126,1.103,1.103
83.09999999999955,1.494,1.125,1.128,1.105,1.105
83.19999999999955,1.493,1.126,1.129,1.107,1.107
83.29999999999954,1.492,1.127,1.13,1.11,1.11
83.39999999999954,1.492,1.127,1.134,1.112,1.112
83.49999999999953,1.493,1.128,1.14,1.113,1.113
83.59999999999953,1.494,1.129,1.146,1.115,1.115
83.69999999999952,1.496,1.13,1.152,1.116,1.116
83.79999999999951,1.499,1.131,1.157,1.118,1.118
83.89999999999951,1.503,1.132,1.162,1.12,1.12
83.9999999999995,1.508,1.132,1.166,1.123,1.123
84.0999999999995,1.513,1.132,1.169,1.125,1.125
84.19999999999949,1.52,1.133,1.172,1.126,1.126
84.29999999999949,1.527,1.134,1.174,1.128,1.128
84.39999999999948,1.535,1.135,1.176,1.129,1.129
84.49999999999947,1.543,1.138,1.178,1.13,1.13
84.59999999999947,1.551,1.145,1.18,1.131,1.131
84.69999999999946,1.557,1.154,1.181,1.133,1.133
84.79999999999946,1.564,1.162,1.183,1.135,1.135
84.89999999999945,1.569,1.17,1.184,1.137,1.137
84.99999999999945,1.574,1.176,1.186,1.138,1.138
85.09999999999944,1.579,1.181,1.187,1.139,1.139
85.19999999999943,1.582,1.185,1.188,1.14,1.14
85.29999999999943,1.585,1.188,1.189,1.14,1.14
85.39999999999942,1.587,1.19,1.19,1.14,1.14
85.49999999999942,1.588,1.191,1.191,1.14,1.14
85.59999999999941,1.589,1.191,1.193,1.141,1.141
85.6999999999994,1.589,1.191,1.194,1.142,1.142
85.7999999999994,1.589,1.191,1.195,1.146,1.146
85.8999999999994,1.588,1.191,1.196,1.154,1.154
85.99999999999939,1.587,1.191,1.197,1.161,1.161
86.09999999999938,1.586,1.19,1.198,1.168,1.168
86.19999999999938,1.584,1.19,1.198,1.173,1.173
86.29999999999937,1.583,1.189,1.199,1.178,1.178
86.39999999999937,1.581,1.189,1.199,1.181,1.181
86.49999999999936,1.58,1.189,1.199,1.184,1.184
86.59999999999935,1.579,1.188,1.2,1.185,1.185
86.69999999999935,1.578,1.188,1.2,1.186,1.186
86.79999999999934,1.577,1.189,1.2,1.187,1.187
86.89999999999934,1.577,1.19,1.2,1.187,1.187
86.99999999999933,1.577,1.191,1.201,1.187,1.187
87.09999999999933,1.577,1.192,1.201,1.187,1.187
87.19999999999932,1.577,1.193,1.201,1.187,1.187
87.29999999999932,1.578,1.194,1.201,1.187,1.187
87.39999999999931,1.58,1.195,1.201,1.187,1.187
87.4999999999993,1.581,1.195,1.201,1.187,1.187
87.5999999999993,1.583,1.196,1.201,1.187,1.187
87.69999999999929,1.586,1.197,1.201,1.187,1.187
87.79999999999929,1.588,1.197,1.201,1.187,1.187
87.89999999999928,1.591,1.198,1.201,1.187,1.187
87.99999999999928,1.594,1.199,1.201,1.188,1.188
88.09999999999927,1.597,1.199,1.201,1.189,1.189
88.19999999999926,1.6,1.2,1.201,1.19,1.19
88.29999999999926,1.603,1.201,1.201,1.191,1.191
88.39999999999925,1.606,1.201,1.201,1.192,1.192
88.49999999999925,1.61,1.201,1.201,1.193,1.193
88.59999999999924,1.613,1.201,1.201,1.194,1.194
88.69999999999924,1.617,1.201,1.201,1.195,1.195
88.79999999999923,1.62,1.201,1.201,1.196,1.196
88.89999999999922,1.624,1.201,1.201,1.196,1.196
88.99999999999922,1.627,1.201,1.201,1.197,1.197
89.09999999999921,1.63,1.201,1.201,1.197,1.197
89.1999999999992,1.634,1.201,1.201,1.198,1.198
89.2999999999992,1.637,1.201,1.201,1.199,1.199
89.3999999999992,1.641,1.201,1.201,1.199,1.199
89.49999999999919,1.644,1.201,1.201,1.2,1.2
89.59999999999918,1.647,1.201,1.201,1.2,1.2
89.69999999999918,1.65,1.201,1.201,1.2,1.2
89.79999999999917,1.653,1.201,1.201,1.201,1.201
89.89999999999917,1.657,1.202,1.202,1.201,1.201
89.99999999999916,1.658,1.201,1.201,1.201,1.201
90.09999999999916,1.657,1.2,1.2,1.201,1.201
90.19999999999915,1.655,1.198,1.198,1.201,1.201
90.29999999999914,1.653,1.195,1.195,1.201,1.201
90.39999999999914,1.651,1.192,1.192,1.201,1.201
90.49999999999913,1.651,1.189,1.189,1.201,1.201
90.59999999999913,1.651,1.186,1.186,1.2,1.201
90.69999999999912,1.651,1.186,1.186,1.199,1.201
90.79999999999912,1.653,1.185,1.185,1.197,1.201
90.89999999999911,1.655,1.185,1.185,1.195,1.2
90.9999999999991,1.659,1.184,1.184,1.193,1.2
91.0999999999991,1.664,1.184,1.184,1.191,1.199
91.1999999999991,1.667,1.184,1.184,1.188,1.199
91.29999999999909,1.661,1.184,1.184,1.185,1.198
91.39999999999908,1.648,1.182,1.183,1.182,1.197
91.49999999999908,1.629,1.18,1.184,1.18,1.196
91.59999999999907,1.604,1.178,1.184,1.178,1.194
91.69999999999906,1.574,1.177,1.184,1.177,1.193
91.79999999999906,1.539,1.177,1.186,1.177,1.192
91.89999999999905,1.498,1.18,1.188,1.18,1.19
91.99999999999905,1.452,1.183,1.19,1.183,1.189
92.09999999999904,1.402,1.187,1.192,1.187,1.188
92.19999999999904,1.347,1.19,1.194,1.187,1.187
92.29999999999903,1.29,1.193,1.196,1.185,1.185
92.39999999999903,1.229,1.195,1.198,1.183,1.183
92.49999999999902,1.166,1.197,1.166,1.182,1.182
92.59999999999901,1.102,1.198,1.102,1.18,1.18
92.69999999999901,1.041,1.193,1.041,1.179,1.179
92.799999999999,0.982,1.183,0.982,1.179,1.179
92.899999999999,0.926,1.169,0.926,1.179,1.179
92.99999999999899,0.873,1.151,0.873,1.18,1.18
93.09999999999899,0.822,1.13,0.822,1.183,1.183
93.19999999999898,0.774,1.106,0.774,1.185,1.187
93.29999999999897,0.729,1.08,0.729,1.178,1.189
93.39999999999897,0.759,1.052,0.759,1.169,1.191
93.49999999999896,0.792,1.028,0.792,1.158,1.192
93.59999999999896,0.826,1.009,0.826,1.147,1.191
93.69999999999895,0.86,0.995,0.86,1.134,1.188
93.79999999999895,0.894,0.984,0.894,1.122,1.185
93.89999999999894,0.926,0.976,0.926,1.11,1.18
93.99999999999893,0.956,0.972,0.956,1.098,1.174
94.09999999999893,0.985,0.971,0.971,1.087,1.168
94.19999999999892,1.012,0.972,0.972,1.078,1.161
94.29999999999892,1.038,0.975,0.975,1.07,1.154
94.39999999999891,1.063,0.979,0.979,1.062,1.147
94.4999999999989,1.087,0.986,0.986,1.056,1.139
94.5999999999989,1.109,0.993,0.993,1.051,1.132
94.6999999999989,1.13,1.001,1.001,1.046,1.124
94.79999999999889,1.149,1.01,1.01,1.043,1.117
94.89999999999888,1.168,1.019,1.019,1.041,1.11
94.99999999999888,1.185,1.028,1.028,1.04,1.103
95.09999999999887,1.202,1.039,1.039,1.039,1.097
95.19999999999887,1.218,1.039,1.049,1.039,1.092
95.29999999999886,1.235,1.04,1.06,1.04,1.087
95.39999999999885,1.252,1.042,1.069,1.042,1.083
95.49999999999885,1.269,1.043,1.077,1.043,1.079
95.59999999999884,1.285,1.045,1.084,1.045,1.076
95.69999999999884,1.301,1.047,1.09,1.047,1.074
95.79999999999883,1.317,1.049,1.096,1.049,1.072
95.89999999999883,1.331,1.051,1.1,1.051,1.071
95.99999999999882,1.343,1.054,1.103,1.054,1.069
96.09999999999881,1.353,1.057,1.106,1.057,1.068
96.19999999999881,1.362,1.06,1.108,1.06,1.068
96.2999999999988,1.369,1.064,1.109,1.064,1.068
96.3999999999988,1.374,1.068,1.111,1.068,1.068
96.49999999999879,1.378,1.073,1.112,1.068,1.068
96.59999999999879,1.381,1.077,1.114,1.068,1.068
96.69999999999878,1.382,1.081,1.116,1.068,1.068
96.79999999999878,1.382,1.085,1.118,1.068,1.068
96.89999999999877,1.382,1.088,1.12,1.068,1.068
96.99999999999876,1.382,1.091,1.123,1.068,1.068
97.09999999999876,1.381,1.093,1.127,1.068,1.068
97.19999999999875,1.381,1.095,1.131,1.069,1.069
97.29999999999875,1.381,1.097,1.136,1.07,1.07
97.39999999999874,1.382,1.099,1.141,1.071,1.071
97.49999999999874,1.383,1.101,1.146,1.073,1.073
97.59999999999873,1.384,1.103,1.151,1.076,1.076
97.69999999999872,1.387,1.106,1.156,1.079,1.079
97.79999999999872,1.39,1.109,1.16,1.082,1.082
97.89999999999871,1.395,1.112,1.164,1.085,1.085
97.9999999999987,1.4,1.116,1.167,1.088,1.088
98.0999999999987,1.407,1.12,1.17,1.091,1.091
98.1999999999987,1.413,1.125,1.173,1.094,1.094
98.29999999999869,1.419,1.13,1.175,1.096,1.096
98.39999999999868,1.426,1.135,1.178,1.098,1.098
98.49999999999868,1.433,1.141,1.18,1.1,1.1
98.59999999999867,1.44,1.146,1.182,1.102,1.102
98.69999999999867,1.447,1.152,1.184,1.104,1.104
98.79999999999866,1.454,1.157,1.186,1.106,1.106
98.89999999999866,1.461,1.161,1.187,1.109,1.109
98.99999999999865,1.468,1.165,1.188,1.113,1.113
99.09999999999864,1.475,1.169,1.189,1.116,1.116
99.19999999999864,1.481,1.172,1.19,1.12,1.12
99.29999999999863,1.487,1.174,1.191,1.125,1.125
99.39999999999863,1.492,1.176,1.191,1.129,1.129
99.49999999999862,1.497,1.178,1.192,1.134,1.134
99.59999999999862,1.501,1.179,1.192,1.139,1.139
99.69999999999861,1.505,1.181,1.193,1.145,1.145
99.7999999999986,1.508,1.182,1.193,1.15,1.15
99.8999999999986,1.511,1.184,1.194,1.156,1.156
99.9999999999986,1.513,1.185,1.194,1.16,1.16
100.09999999999859,1.515,1.186,1.194,1.165,1.165
100.19999999999858,1.516,1.186,1.195,1.168,1.168
100.29999999999858,1.518,1.187,1.195,1.172,1.172
100.39999999999857,1.519,1.188,1.195,1.174,1.174
100.49999999999856,1.519,1.188,1.196,1.176,1.176
100.59999999999856,1.52,1.189,1.196,1.177,1.177
100.69999999999855,1.52,1.189,1.196,1.179,1.179
100.79999999999855,1.519,1.19,1.197,1.18,1.18
100.89999999999854,1.519,1.19,1.197,1.182,1.182
100.99999999999854,1.518,1.191,1.197,1.183,1.183
101.09999999999853,1.517,1.191,1.197,1.184,1.184
101.19999999999852,1.516,1.192,1.198,1.185,1.185
101.29999999999852,1.516,1.192,1.198,1.185,1.185
101.39999999999851,1.515,1.193,1.198,1.186,1.186
101.49999999999851,1.514,1.193,1.198,1.186,1.186
101.5999999999985,1.513,1.194,1.198,1.187,1.187
101.6999999999985,1.512,1.194,1.199,1.187,1.187
101.79999999999849,1.511,1.195,1.199,1.188,1.188
101.89999999999849,1.51,1.195,1.199,1.188,1.188
101.99999999999848,1.509,1.196,1.199,1.189,1.189
102.09999999999847,1.508,1.196,1.199,1.189,1.189
102.19999999999847,1.508,1.196,1.199,1.19,1.19
102.29999999999846,1.507,1.196,1.199,1.19,1.19
102.39999999999846,1.507,1.197,1.199,1.191,1.191
102.49999999999845,1.504,1.197,1.199,1.191,1.191
102.59999999999845,1.5,1.197,1.198,1.192,1.192
102.69999999999844,1.496,1.197,1.197,1.192,1.192
102.79999999999843,1.492,1.195,1.195,1.193,1.193
102.89999999999843,1.489,1.192,1.192,1.193,1.193
102.99999999999842,1.487,1.189,1.189,1.194,1.194
103.09999999999842,1.489,1.186,1.186,1.194,1.194
103.19999999999841,1.492,1.184,1.184,1.194,1.194
103.2999999999984,1.496,1.183,1.183,1.194,1.195
103.3999999999984,1.503,1.183,1.183,1.193,1.195
103.4999999999984,1.511,1.183,1.183,1.191,1.194
103.59999999999839,1.521,1.183,1.183,1.189,1.194
103.69999999999838,1.532,1.183,1.183,1.187,1.194
103.79999999999838,1.546,1.183,1.183,1.184,1.193
103.89999999999837,1.56,1.182,1.184,1.182,1.193
103.99999999999837,1.573,1.179,1.184,1.179,1.192
104.09999999999836,1.578,1.178,1.185,1.178,1.191
104.19999999999835,1.576,1.177,1.186,1.177,1.19
104.29999999999835,1.566,1.177,1.188,1.177,1.189
104.39999999999834,1.549,1.18,1.19,1.18,1.188
104.49999999999834,1.525,1.183,1.192,1.183,1.187
104.59999999999833,1.495,1.186,1.193,1.186,1.186
104.69999999999833,1.46,1.189,1.195,1.185,1.185
104.79999999999832,1.421,1.191,1.197,1.184,1.184
104.89999999999831,1.377,1.194,1.198,1.183,1.183
104.99999999999831,1.329,1.195,1.2,1.181,1.181
105.0999999999983,1.279,1.196,1.201,1.18,1.18
105.1999999999983,1.225,1.197,1.203,1.179,1.179
105.29999999999829,1.169,1.197,1.169,1.179,1.179
105.39999999999829,1.113,1.197,1.113,1.179,1.179
105.49999999999828,1.059,1.197,1.059,1.18,1.18
105.59999999999827,1.009,1.189,1.009,1.183,1.183
105.69999999999827,0.961,1.176,0.961,1.188,1.188
105.79999999999826,0.915,1.16,0.915,1.193,1.193
105.89999999999826,0.872,1.141,0.872,1.191,1.197
105.99999999999825,0.832,1.12,0.832,1.186,1.2
106.09999999999825,0.795,1.096,0.795,1.179,1.201
106.19999999999824,0.813,1.072,0.813,1.171,1.202
106.29999999999824,0.838,1.051,0.838,1.162,1.2
106.39999999999823,0.866,1.033,0.866,1.152,1.198
106.49999999999822,0.898,1.019,0.898,1.142,1.194
106.59999999999822,0.932,1.009,0.932,1.131,1.189
106.69999999999821,0.966,1.002,0.966,1.121,1.184
106.7999999999982,0.997,0.997,0.997,1.11,1.178
106.8999999999982,1.024,0.994,0.994,1.099,1.172
106.9999999999982,1.047,0.991,0.991,1.088,1.165
107.09999999999819,1.066,0.988,0.988,1.077,1.157
107.19999999999818,1.085,0.987,0.987,1.067,1.149
107.29999999999818,1.102,0.988,0.988,1.057,1.141
107.39999999999817,1.118,0.99,0.99,1.048,1.133
107.49999999999817,1.132,0.995,0.995,1.041,1.124
107.59999999999816,1.147,1.0,1.0,1.035,1.116
107.69999999999816,1.161,1.007,1.007,1.03,1.108
107.79999999999815,1.176,1.015,1.015,1.027,1.1
107.89999999999814,1.191,1.023,1.023,1.027,1.093
107.99999999999814,1.209,1.027,1.03,1.027,1.085
108.09999999999813,1.229,1.029,1.036,1.029,1.078
108.19999999999813,1.252,1.03,1.04,1.03,1.07
108.29999999999812,1.276,1.032,1.04,1.032,1.064
108.39999999999812,1.302,1.034,1.039,1.034,1.058
108.49999999999811,1.331,1.035,1.036,1.035,1.053
108.5999999999981,1.362,1.033,1.033,1.036,1.049
108.6999999999981,1.395,1.028,1.028,1.036,1.046
108.7999999999981,1.43,1.025,1.025,1.035,1.044
108.89999999999809,1.466,1.021,1.021,1.033,1.044
108.99999999999808,1.504,1.017,1.017,1.031,1.044
109.09999999999808,1.539,1.012,1.012,1.028,1.046
109.19999999999807,1.571,1.004,1.004,1.023,1.048
109.29999999999806,1.6,0.994,0.994,1.015,1.05
109.39999999999806,1.627,0.985,0.985,1.004,1.051
109.49999999999805,1.653,0.976,0.976,0.993,1.051
109.59999999999805,1.677,0.968,0.968,0.98,1.049
109.69999999999804,1.7,0.961,0.961,0.968,1.046
109.79999999999804,1.721,0.954,0.954,0.957,1.042
109.89999999999803,1.741,0.946,0.948,0.946,1.036
109.99999999999802,1.759,0.934,0.943,0.934,1.028
110.09999999999802,1.776,0.921,0.939,0.921,1.019
110.19999999999801,1.792,0.909,0.936,0.909,1.008
110.29999999999801,1.805,0.899,0.932,0.899,0.996
110.399999999998,1.818,0.891,0.926,0.891,0.984
110.499999999998,1.829,0.885,0.919,0.885,0.971
110.59999999999799,1.838,0.879,0.912,0.879,0.959
110.69999999999798,1.846,0.875,0.904,0.875,0.948
110.79999999999798,1.852,0.871,0.895,0.871,0.94
110.89999999999797,1.856,0.867,0.887,0.867,0.934
110.99999999999797,1.859,0.863,0.878,0.863,0.931
111.09999999999796,1.863,0.86,0.873,0.86,0.932
111.19999999999796,1.866,0.855,0.874,0.855,0.937
111.29999999999795,1.869,0.85,0.878,0.85,0.941
111.39999999999795,1.873,0.844,0.885,0.844,0.945
111.49999999999794,1.877,0.839,0.894,0.839,0.946
111.59999999999793,1.88,0.835,0.906,0.835,0.947
111.69999999999793,1.884,0.833,0.918,0.833,0.947
111.79999999999792,1.889,0.833,0.929,0.833,0.946
111.89999999999792,1.893,0.835,0.941,0.835,0.945
111.99999999999791,1.897,0.839,0.953,0.839,0.944
112.0999999999979,1.902,0.844,0.965,0.844,0.943
112.1999999999979,1.906,0.85,0.976,0.85,0.942
112.2999999999979,1.911,0.858,0.988,0.858,0.941
112.39999999999789,1.915,0.866,0.998,0.866,0.94
112.49999999999788,1.917,0.876,1.007,0.876,0.94
112.59999999999788,1.919,0.886,1.015,0.886,0.94
112.69999999999787,1.92,0.897,1.022,0.897,0.94
112.79999999999787,1.919,0.908,1.029,0.908,0.942
112.89999999999786,1.919,0.919,1.036,0.919,0.946
112.99999999999785,1.918,0.932,1.044,0.932,0.952
113.09999999999785,1.916,0.942,1.052,0.942,0.959
113.19999999999784,1.915,0.952,1.06,0.952,0.966
113.29999999999784,1.913,0.959,1.069,0.959,0.972
113.39999999999783,1.912,0.964,1.077,0.964,0.977
113.49999999999783,1.911,0.967,1.087,0.967,0.979
113.59999999999782,1.911,0.968,1.098,0.968,0.981
113.69999999999781,1.908,0.968,1.108,0.968,0.98
113.79999999999781,1.896,0.967,1.118,0.967,0.979
113.8999999999978,1.875,0.967,1.127,0.967,0.977
113.9999999999978,1.847,0.967,1.134,0.967,0.976
114.09999999999779,1.812,0.968,1.14,0.968,0.974
114.19999999999779,1.772,0.968,1.145,0.968,0.974
114.29999999999778,1.726,0.969,1.148,0.969,0.973
114.39999999999777,1.676,0.969,1.151,0.969,0.974
114.49999999999777,1.621,0.969,1.154,0.969,0.974
114.59999999999776,1.563,0.973,1.158,0.973,0.975
114.69999999999776,1.5,0.98,1.161,0.976,0.976
114.79999999999775,1.434,0.988,1.164,0.979,0.979
114.89999999999775,1.364,0.998,1.167,0.982,0.982
114.99999999999774,1.292,1.009,1.17,0.987,0.987
115.09999999999773,1.218,1.02,1.172,0.993,0.993
115.19999999999773,1.142,1.031,1.142,1.001,1.001
115.29999999999772,1.068,1.042,1.068,1.008,1.008
115.39999999999772,0.998,1.053,0.998,1.015,1.015
115.49999999999771,0.933,1.062,0.933,1.022,1.022
115.5999999999977,0.871,1.069,0.871,1.029,1.029
115.6999999999977,0.812,1.074,0.812,1.035,1.035
115.7999999999977,0.757,1.077,0.757,1.04,1.04
115.89999999999769,0.79,1.062,0.79,1.045,1.045
115.99999999999768,0.823,1.041,0.823,1.048,1.048
116.09999999999768,0.855,1.023,0.855,1.05,1.05
116.19999999999767,0.884,1.01,0.884,1.051,1.051
116.29999999999767,0.911,1.0,0.911,1.051,1.051
116.39999999999766,0.935,0.993,0.935,1.051,1.051
116.49999999999766,0.956,0.989,0.956,1.05,1.05
116.59999999999765,0.975,0.987,0.975,1.047,1.049
116.69999999999764,0.992,0.987,0.987,1.044,1.048
116.79999999999764,1.007,0.988,0.988,1.042,1.047
116.89999999999763,1.021,0.99,0.99,1.04,1.046
116.99999999999763,1.034,0.993,0.993,1.038,1.046
117.09999999999762,1.047,0.997,0.997,1.036,1.046
117.19999999999762,1.061,1.002,1.002,1.035,1.045
117.29999999999761,1.076,1.008,1.008,1.035,1.044
117.3999999999976,1.092,1.014,1.014,1.034,1.043
117.4999999999976,1.11,1.021,1.021,1.035,1.042
117.59999999999759,1.129,1.029,1.029,1.036,1.041
117.69999999999759,1.151,1.037,1.038,1.037,1.039
117.79999999999758,1.169,1.039,1.047,1.038,1.038
117.89999999999758,1.185,1.041,1.056,1.037,1.037
117.99999999999757,1.198,1.044,1.065,1.037,1.037
118.09999999999756,1.208,1.047,1.072,1.037,1.037
118.19999999999756,1.217,1.05,1.078,1.037,1.037
118.29999999999755,1.223,1.053,1.081,1.037,1.037
118.39999999999755,1.228,1.056,1.083,1.038,1.038
118.49999999999754,1.233,1.058,1.086,1.039,1.039
118.59999999999754,1.239,1.06,1.089,1.039,1.039
118.69999999999753,1.246,1.062,1.093,1.04,1.04
118.79999999999752,1.254,1.064,1.098,1.041,1.041
118.89999999999752,1.262,1.067,1.103,1.043,1.043
118.99999999999751,1.272,1.07,1.108,1.044,1.044
119.09999999999751,1.282,1.074,1.113,1.046,1.046
119.1999999999975,1.29,1.078,1.117,1.047,1.047
119.2999999999975,1.298,1.084,1.12,1.049,1.049
119.39999999999749,1.303,1.09,1.12,1.051,1.051
119.49999999999748,1.307,1.095,1.12,1.052,1.052
119.59999999999748,1.31,1.1,1.118,1.054,1.054
119.69999999999747,1.312,1.104,1.116,1.055,1.055
119.79999999999747,1.313,1.106,1.114,1.057,1.057
119.89999999999746,1.312,1.108,1.111,1.058,1.058
119.99999999999746,1.312,1.109,1.109,1.06,1.06
120.09999999999745,1.31,1.107,1.107,1.062,1.062
120.19999999999744,1.309,1.105,1.105,1.065,1.065
120.29999999999744,1.309,1.103,1.103,1.068,1.068
120.39999999999743,1.309,1.1,1.1,1.071,1.071
120.49999999999743,1.309,1.101,1.101,1.076,1.076
120.59999999999742,1.31,1.103,1.105,1.081,1.081
120.69999999999742,1.31,1.101,1.11,1.086,1.086
120.79999999999741,1.31,1.1,1.115,1.09,1.09
120.8999999999974,1.311,1.1,1.122,1.093,1.093
120.9999999999974,1.311,1.101,1.128,1.095,1.095
121.0999999999974,1.311,1.103,1.134,1.097,1.097
121.19999999999739,1.311,1.106,1.139,1.098,1.098
121.29999999999738,1.311,1.108,1.144,1.099,1.099
121.39999999999738,1.311,1.111,1.149,1.1,1.1
121.49999999999737,1.311,1.114,1.153,1.1,1.1
121.59999999999737,1.311,1.118,1.157,1.1,1.1
121.69999999999736,1.311,1.123,1.161,1.101,1.101
121.79999999999735,1.311,1.127,1.164,1.101,1.101
121.89999999999735,1.311,1.131,1.167,1.102,1.102
121.99999999999734,1.312,1.135,1.169,1.103,1.103
122.09999999999734,1.313,1.138,1.172,1.105,1.105
122.19999999999733,1.314,1.141,1.174,1.107,1.107
122.29999999999733,1.316,1.144,1.177,1.111,1.111
122.39999999999732,1.316,1.147,1.18,1.114,1.114
122.49999999999731,1.316,1.149,1.184,1.117,1.117
122.59999999999731,1.316,1.152,1.187,1.12,1.12
122.6999999999973,1.316,1.155,1.19,1.124,1.124
122.7999999999973,1.316,1.158,1.193,1.128,1.128
122.89999999999729,1.316,1.161,1.197,1.132,1.132
122.99999999999729,1.316,1.164,1.2,1.136,1.136
123.09999999999728,1.316,1.167,1.204,1.139,1.139
123.19999999999727,1.316,1.17,1.208,1.143,1.143
123.29999999999727,1.316,1.172,1.212,1.145,1.145
123.39999999999726,1.316,1.175,1.216,1.148,1.148
123.49999999999726,1.317,1.177,1.221,1.15,1.15
123.59999999999725,1.317,1.179,1.227,1.152,1.152
123.69999999999725,1.318,1.181,1.232,1.154,1.154
123.79999999999724,1.319,1.182,1.24,1.156,1.156
123.89999999999723,1.319,1.184,1.249,1.159,1.159
123.99999999999723,1.319,1.186,1.258,1.161,1.161
124.09999999999722,1.319,1.187,1.266,1.163,1.163
124.19999999999722,1.319,1.188,1.273,1.165,1.165
124.29999999999721,1.319,1.189,1.28,1.167,1.167
124.3999999999972,1.32,1.189,1.287,1.168,1.168
124.4999999999972,1.32,1.189,1.293,1.17,1.17
124.5999999999972,1.321,1.188,1.296,1.172,1.172
124.69999999999719,1.321,1.188,1.297,1.173,1.173
124.79999999999718,1.321,1.188,1.294,1.174,1.174
124.89999999999718,1.321,1.187,1.291,1.176,1.176
124.99999999999717,1.321,1.188,1.286,1.177,1.177
125.09999999999717,1.321,1.189,1.281,1.178,1.178
125.19999999999716,1.321,1.191,1.277,1.179,1.179
125.29999999999715,1.322,1.193,1.273,1.18,1.18
125.39999999999715,1.322,1.195,1.269,1.181,1.181
125.49999999999714,1.322,1.197,1.266,1.182,1.182
125.59999999999714,1.323,1.199,1.263,1.183,1.183
125.69999999999713,1.323,1.199,1.261,1.183,1.183
125.79999999999713,1.323,1.2,1.26,1.183,1.183
125.89999999999712,1.324,1.2,1.258,1.183,1.183
125.99999999999712,1.324,1.199,1.258,1.183,1.183
126.09999999999711,1.325,1.199,1.258,1.183,1.183
126.1999999999971,1.318,1.198,1.261,1.183,1.183
126.2999999999971,1.301,1.199,1.263,1.185,1.185
126.39999999999709,1.277,1.2,1.266,1.187,1.187
126.49999999999709,1.245,1.2,1.245,1.189,1.189
126.59999999999708,1.206,1.2,1.206,1.192,1.192
126.69999999999708,1.162,1.201,1.162,1.194,1.194
126.79999999999707,1.115,1.2,1.115,1.196,1.196
126.89999999999706,1.067,1.2,1.067,1.197,1.197
126.99999999999706,1.018,1.199,1.018,1.197,1.197
127.09999999999705,0.969,1.199,0.969,1.197,1.197
127.19999999999705,0.922,1.198,0.922,1.197,1.197
127.29999999999704,0.875,1.178,0.875,1.197,1.197
127.39999999999704,0.831,1.146,0.831,1.196,1.196
127.49999999999703,0.788,1.114,0.788,1.193,1.197
127.59999999999702,0.745,1.083,0.745,1.187,1.197
127.69999999999702,0.704,1.052,0.704,1.179,1.197
127.79999999999701,0.665,1.02,0.665,1.169,1.196
127.89999999999701,0.627,0.989,0.627,1.156,1.193
127.999999999997,0.59,0.958,0.59,1.142,1.19
128.099999999997,0.555,0.927,0.555,1.126,1.186
128.199999999997,0.522,0.896,0.522,1.109,1.18
128.299999999997,0.49,0.866,0.49,1.091,1.174
128.399999999997,0.549,0.836,0.549,1.072,1.166
128.499999999997,0.6,0.814,0.6,1.052,1.158
128.59999999999698,0.645,0.799,0.645,1.033,1.149
128.69999999999698,0.683,0.789,0.683,1.014,1.14
128.79999999999697,0.716,0.783,0.716,0.997,1.131
128.89999999999696,0.744,0.779,0.744,0.98,1.121
128.99999999999696,0.769,0.777,0.769,0.964,1.11
129.09999999999695,0.79,0.777,0.777,0.949,1.099
129.19999999999695,0.811,0.779,0.779,0.935,1.086
129.29999999999694,0.831,0.782,0.782,0.922,1.073
129.39999999999694,0.852,0.786,0.786,0.91,1.06
129.49999999999693,0.877,0.791,0.791,0.899,1.046
129.59999999999692,0.9,0.797,0.797,0.89,1.033
129.69999999999692,0.923,0.803,0.803,0.882,1.02
129.7999999999969,0.946,0.809,0.809,0.876,1.008
129.8999999999969,0.968,0.813,0.813,0.87,0.998
129.9999999999969,0.99,0.817,0.817,0.865,0.987
130.0999999999969,1.013,0.82,0.82,0.861,0.978
130.1999999999969,1.035,0.822,0.822,0.857,0.968
130.29999999999688,1.059,0.822,0.822,0.853,0.96
130.39999999999688,1.083,0.822,0.822,0.85,0.951
130.49999999999687,1.108,0.82,0.82,0.846,0.943
130.59999999999687,1.134,0.818,0.818,0.842,0.935
130.69999999999686,1.161,0.815,0.815,0.839,0.928
130.79999999999686,1.191,0.814,0.814,0.835,0.92
130.89999999999685,1.226,0.817,0.817,0.831,0.913
130.99999999999685,1.266,0.823,0.823,0.827,0.906
131.09999999999684,1.306,0.824,0.826,0.824,0.9
131.19999999999683,1.347,0.821,0.827,0.821,0.893
131.29999999999683,1.388,0.816,0.829,0.816,0.887
131.39999999999682,1.428,0.81,0.83,0.81,0.882
131.49999999999682,1.468,0.802,0.831,0.802,0.876
131.5999999999968,1.507,0.793,0.832,0.793,0.87
131.6999999999968,1.545,0.783,0.834,0.783,0.864
131.7999999999968,1.581,0.773,0.835,0.773,0.857
131.8999999999968,1.616,0.764,0.837,0.764,0.85
131.9999999999968,1.649,0.756,0.838,0.756,0.843
132.09999999999678,1.681,0.75,0.84,0.75,0.836
132.19999999999678,1.71,0.746,0.842,0.746,0.829
132.29999999999677,1.737,0.743,0.844,0.743,0.822
132.39999999999677,1.761,0.741,0.846,0.741,0.814
132.49999999999676,1.783,0.74,0.849,0.74,0.806
132.59999999999675,1.802,0.739,0.85,0.739,0.797
132.69999999999675,1.817,0.739,0.852,0.739,0.788
132.79999999999674,1.831,0.739,0.856,0.739,0.78
132.89999999999674,1.844,0.74,0.861,0.74,0.772
132.99999999999673,1.855,0.742,0.868,0.742,0.765
133.09999999999673,1.865,0.745,0.876,0.745,0.76
133.19999999999672,1.873,0.748,0.886,0.748,0.756
133.29999999999671,1.881,0.752,0.897,0.752,0.755
133.3999999999967,1.886,0.757,0.908,0.757,0.757
133.4999999999967,1.891,0.763,0.92,0.761,0.761
133.5999999999967,1.894,0.769,0.933,0.766,0.766
133.6999999999967,1.896,0.776,0.945,0.771,0.771
133.7999999999967,1.899,0.783,0.959,0.775,0.775
133.89999999999668,1.901,0.791,0.974,0.779,0.779
133.99999999999667,1.903,0.801,0.989,0.784,0.784
134.09999999999667,1.905,0.811,1.005,0.788,0.788
134.19999999999666,1.906,0.823,1.019,0.793,0.793
134.29999999999666,1.908,0.836,1.034,0.798,0.798
134.39999999999665,1.91,0.849,1.047,0.803,0.803
134.49999999999665,1.91,0.864,1.06,0.81,0.81
134.59999999999664,1.901,0.878,1.072,0.816,0.816
134.69999999999663,1.883,0.893,1.082,0.822,0.822
134.79999999999663,1.856,0.907,1.092,0.829,0.829
134.89999999999662,1.821,0.922,1.1,0.837,0.837
134.99999999999662,1.78,0.937,1.107,0.845,0.845
135.0999999999966,1.732,0.952,1.114,0.853,0.853
135.1999999999966,1.679,0.967,1.121,0.863,0.863
135.2999999999966,1.621,0.981,1.127,0.873,0.873
135.3999999999966,1.559,0.994,1.133,0.884,0.884
135.4999999999966,1.494,1.007,1.138,0.895,0.895
135.59999999999658,1.425,1.019,1.144,0.907,0.907
135.69999999999658,1.354,1.031,1.15,0.92,0.92
135.79999999999657,1.281,1.041,1.156,0.932,0.932
135.89999999999657,1.206,1.051,1.163,0.943,0.943
135.99999999999656,1.128,1.06,1.128,0.955,0.955
136.09999999999656,1.054,1.069,1.054,0.966,0.966
136.19999999999655,0.984,1.077,0.984,0.978,0.978
136.29999999999654,0.918,1.083,0.918,0.989,0.989
136.39999999999654,0.856,1.088,0.856,1.0,1.0
136.49999999999653,0.798,1.091,0.798,1.01,1.01
136.59999999999653,0.743,1.084,0.743,1.019,1.019
136.69999999999652,0.781,1.055,0.781,1.027,1.027
136.79999999999652,0.817,1.032,0.817,1.033,1.033
136.8999999999965,0.849,1.013,0.849,1.039,1.039
136.9999999999965,0.879,0.999,0.879,1.043,1.043
137.0999999999965,0.906,0.988,0.906,1.046,1.046
137.1999999999965,0.93,0.981,0.93,1.048,1.048
137.2999999999965,0.952,0.977,0.952,1.049,1.049
137.39999999999648,0.973,0.974,0.973,1.049,1.049
137.49999999999648,0.992,0.974,0.974,1.049,1.049
137.59999999999647,1.009,0.975,0.975,1.044,1.048
137.69999999999646,1.026,0.978,0.978,1.039,1.046
137.79999999999646,1.041,0.981,0.981,1.034,1.045
137.89999999999645,1.056,0.986,0.986,1.03,1.043
137.99999999999645,1.07,0.991,0.991,1.026,1.041
138.09999999999644,1.083,0.997,0.997,1.023,1.04
138.19999999999644,1.096,1.004,1.004,1.02,1.039
138.29999999999643,1.109,1.011,1.011,1.019,1.037
138.39999999999642,1.121,1.019,1.02,1.019,1.036
138.49999999999642,1.132,1.019,1.028,1.019,1.036
138.5999999999964,1.144,1.02,1.037,1.02,1.036
138.6999999999964,1.156,1.021,1.047,1.021,1.035
138.7999999999964,1.168,1.023,1.056,1.023,1.035
138.8999999999964,1.18,1.026,1.066,1.026,1.034
138.9999999999964,1.192,1.029,1.077,1.029,1.034
139.09999999999638,1.204,1.032,1.087,1.032,1.033
139.19999999999638,1.217,1.037,1.097,1.033,1.033
139.29999999999637,1.231,1.041,1.106,1.033,1.033
139.39999999999637,1.246,1.047,1.115,1.034,1.034
139.49999999999636,1.257,1.052,1.121,1.035,1.035
139.59999999999636,1.265,1.058,1.126,1.037,1.037
139.69999999999635,1.269,1.064,1.128,1.039,1.039
139.79999999999634,1.273,1.069,1.13,1.041,1.041
139.89999999999634,1.277,1.073,1.132,1.043,1.043
139.99999999999633,1.279,1.076,1.133,1.046,1.046
140.09999999999633,1.282,1.079,1.134,1.048,1.048
140.19999999999632,1.283,1.082,1.135,1.05,1.05
140.29999999999632,1.284,1.084,1.136,1.052,1.052
140.3999999999963,1.285,1.086,1.137,1.055,1.055
140.4999999999963,1.285,1.089,1.138,1.057,1.057
140.5999999999963,1.285,1.092,1.139,1.059,1.059
140.6999999999963,1.284,1.096,1.141,1.062,1.062
140.7999999999963,1.283,1.1,1.142,1.065,1.065
140.89999999999628,1.283,1.107,1.143,1.068,1.068
140.99999999999628,1.282,1.113,1.144,1.071,1.071
141.09999999999627,1.282,1.119,1.147,1.073,1.073
141.19999999999627,1.282,1.125,1.15,1.075,1.075
141.29999999999626,1.282,1.13,1.152,1.077,1.077
141.39999999999625,1.282,1.134,1.153,1.079,1.079
141.49999999999625,1.282,1.137,1.154,1.081,1.081
141.59999999999624,1.281,1.14,1.153,1.084,1.084
141.69999999999624,1.281,1.141,1.152,1.087,1.087
141.79999999999623,1.281,1.142,1.15,1.09,1.09
141.89999999999623,1.281,1.143,1.148,1.094,1.094
141.99999999999622,1.28,1.144,1.146,1.099,1.099
142.09999999999621,1.27,1.144,1.144,1.105,1.105
142.1999999999962,1.251,1.144,1.144,1.112,1.112
142.2999999999962,1.223,1.144,1.145,1.118,1.118
142.3999999999962,1.188,1.144,1.148,1.123,1.123
142.4999999999962,1.148,1.144,1.148,1.128,1.128
142.5999999999962,1.105,1.144,1.105,1.131,1.131
142.69999999999618,1.06,1.145,1.06,1.134,1.134
142.79999999999617,1.014,1.139,1.014,1.136,1.136
142.89999999999617,0.968,1.129,0.968,1.137,1.137
142.99999999999616,0.923,1.117,0.923,1.138,1.138
143.09999999999616,0.878,1.103,0.878,1.138,1.138
143.19999999999615,0.835,1.086,0.835,1.137,1.139
143.29999999999615,0.793,1.068,0.793,1.133,1.139
143.39999999999614,0.754,1.047,0.754,1.128,1.138
143.49999999999613,0.714,1.026,0.714,1.121,1.137
143.59999999999613,0.675,1.003,0.675,1.113,1.136
143.69999999999612,0.636,0.979,0.636,1.104,1.134
143.79999999999612,0.599,0.953,0.599,1.094,1.131
143.8999999999961,0.562,0.925,0.562,1.082,1.128
143.9999999999961,0.527,0.896,0.527,1.069,1.124
144.0999999999961,0.494,0.866,0.494,1.054,1.119
144.1999999999961,0.553,0.835,0.553,1.039,1.114
144.2999999999961,0.606,0.809,0.606,1.022,1.107
144.39999999999608,0.655,0.787,0.655,1.004,1.1
144.49999999999608,0.701,0.769,0.701,0.986,1.092
144.59999999999607,0.745,0.753,0.745,0.967,1.083
144.69999999999607,0.791,0.74,0.74,0.95,1.074
144.79999999999606,0.833,0.734,0.734,0.932,1.064
144.89999999999606,0.874,0.734,0.734,0.916,1.053
144.99999999999605,0.913,0.74,0.74,0.9,1.041
145.09999999999604,0.95,0.751,0.751,0.887,1.03
145.19999999999604,0.987,0.766,0.766,0.876,1.018
145.29999999999603,1.024,0.783,0.783,0.867,1.006
145.39999999999603,1.062,0.802,0.802,0.86,0.994
145.49999999999602,1.099,0.824,0.824,0.855,0.983
145.59999999999602,1.138,0.847,0.847,0.852,0.972
145.699999999996,1.178,0.851,0.871,0.851,0.962
145.799999999996,1.218,0.851,0.899,0.851,0.953
145.899999999996,1.261,0.854,0.925,0.854,0.944
145.999999999996,1.309,0.859,0.947,0.859,0.936
146.099999999996,1.361,0.866,0.968,0.866,0.93
146.19999999999598,1.412,0.874,0.986,0.874,0.924
146.29999999999598,1.463,0.883,1.0,0.883,0.92
146.39999999999597,1.513,0.893,1.011,0.893,0.917
146.49999999999596,1.562,0.904,1.019,0.904,0.915
146.59999999999596,1.608,0.914,1.025,0.914,0.914
146.69999999999595,1.653,0.923,1.027,0.914,0.914
146.79999999999595,1.697,0.932,1.028,0.914,0.914
146.89999999999594,1.738,0.94,1.027,0.915,0.915
146.99999999999594,1.777,0.946,1.025,0.917,0.917
147.09999999999593,1.815,0.95,1.021,0.919,0.919
147.19999999999592,1.85,0.953,1.016,0.921,0.921
147.29999999999592,1.883,0.955,1.01,0.923,0.923
147.3999999999959,1.913,0.957,1.004,0.926,0.926
147.4999999999959,1.941,0.958,0.997,0.929,0.929
147.5999999999959,1.966,0.959,0.989,0.933,0.933
147.6999999999959,1.988,0.96,0.981,0.937,0.937
147.7999999999959,2.008,0.961,0.972,0.941,0.941
147.89999999999588,2.024,0.963,0.964,0.944,0.944
147.99999999999588,2.036,0.954,0.954,0.947,0.947
148.09999999999587,2.048,0.948,0.948,0.95,0.95
148.19999999999587,2.058,0.944,0.944,0.951,0.951
148.29999999999586,2.067,0.942,0.942,0.952,0.952
148.39999999999586,2.075,0.942,0.942,0.952,0.952
148.49999999999585,2.082,0.945,0.945,0.952,0.952
148.59999999999584,2.088,0.949,0.949,0.951,0.951
148.69999999999584,2.093,0.954,0.954,0.951,0.951
148.79999999999583,2.096,0.959,0.961,0.951,0.951
148.89999999999583,2.099,0.959,0.968,0.952,0.952
148.99999999999582,2.101,0.958,0.976,0.953,0.953
149.09999999999582,2.102,0.959,0.986,0.956,0.956
149.1999999999958,2.104,0.96,0.998,0.959,0.959
149.2999999999958,2.106,0.962,1.01,0.962,0.962
149.3999999999958,2.108,0.965,1.023,0.964,0.964
149.4999999999958,2.109,0.969,1.037,0.966,0.966
149.5999999999958,2.111,0.974,1.049,0.968,0.968
149.69999999999578,2.113,0.98,1.062,0.969,0.969
149.79999999999578,2.115,0.987,1.073,0.971,0.971
149.89999999999577,2.116,0.995,1.084,0.973,0.973
149.99999999999577,2.118,1.003,1.094,0.975,0.975
150.09999999999576,2.119,1.01,1.102,0.977,0.977
150.19999999999575,2.119,1.019,1.11,0.979,0.979
150.29999999999575,2.119,1.028,1.117,0.982,0.982
150.39999999999574,2.119,1.037,1.123,0.985,0.985
150.49999999999574,2.118,1.046,1.129,0.989,0.989
150.59999999999573,2.118,1.055,1.135,0.993,0.993
150.69999999999573,2.118,1.064,1.14,0.998,0.998
150.79999999999572,2.118,1.072,1.146,1.003,1.003
150.8999999999957,2.118,1.08,1.151,1.009,1.009
150.9999999999957,2.119,1.087,1.157,1.015,1.015
151.0999999999957,2.121,1.093,1.163,1.022,1.022
151.1999999999957,2.123,1.1,1.17,1.028,1.028
151.2999999999957,2.125,1.105,1.176,1.035,1.035
151.39999999999569,2.126,1.111,1.181,1.041,1.041
151.49999999999568,2.128,1.116,1.186,1.049,1.049
151.59999999999567,2.129,1.121,1.189,1.056,1.056
151.69999999999567,2.13,1.125,1.191,1.063,1.063
151.79999999999566,2.131,1.129,1.193,1.071,1.071
151.89999999999566,2.132,1.134,1.193,1.077,1.077
151.99999999999565,2.132,1.137,1.193,1.084,1.084
152.09999999999565,2.133,1.141,1.192,1.09,1.09
152.19999999999564,2.133,1.145,1.192,1.095,1.095
152.29999999999563,2.133,1.149,1.191,1.1,1.1
152.39999999999563,2.133,1.154,1.192,1.104,1.104
152.49999999999562,2.134,1.158,1.192,1.108,1.108
152.59999999999562,2.134,1.162,1.193,1.112,1.112
152.6999999999956,2.135,1.166,1.194,1.116,1.116
152.7999999999956,2.137,1.169,1.194,1.119,1.119
152.8999999999956,2.139,1.172,1.195,1.123,1.123
152.9999999999956,2.141,1.174,1.195,1.126,1.126
153.0999999999956,2.144,1.176,1.195,1.13,1.13
153.19999999999558,2.148,1.177,1.196,1.134,1.134
153.29999999999558,2.153,1.179,1.196,1.138,1.138
153.39999999999557,2.158,1.18,1.196,1.142,1.142
153.49999999999557,2.163,1.182,1.197,1.147,1.147
153.59999999999556,2.167,1.184,1.198,1.151,1.151
153.69999999999555,2.17,1.185,1.198,1.156,1.156
153.79999999999555,2.173,1.187,1.198,1.161,1.161
153.89999999999554,2.175,1.188,1.198,1.165,1.165
153.99999999999554,2.176,1.189,1.198,1.168,1.168
154.09999999999553,2.177,1.19,1.197,1.171,1.171
154.19999999999553,2.178,1.19,1.197,1.173,1.173
154.29999999999552,2.178,1.19,1.196,1.174,1.174
154.39999999999552,2.178,1.19,1.196,1.175,1.175
154.4999999999955,2.177,1.19,1.196,1.175,1.175
154.5999999999955,2.176,1.19,1.196,1.176,1.176
154.6999999999955,2.175,1.191,1.197,1.177,1.177
154.7999999999955,2.174,1.192,1.197,1.179,1.179
154.8999999999955,2.173,1.193,1.198,1.18,1.18
154.99999999999548,2.173,1.193,1.198,1.182,1.182
155.09999999999548,2.173,1.194,1.198,1.183,1.183
155.19999999999547,2.174,1.194,1.199,1.184,1.184
155.29999999999546,2.176,1.194,1.199,1.185,1.185
155.39999999999546,2.179,1.193,1.199,1.186,1.186
155.49999999999545,2.183,1.193,1.2,1.186,1.186
155.59999999999545,2.19,1.192,1.2,1.186,1.186
155.69999999999544,2.195,1.192,1.201,1.186,1.186
155.79999999999544,2.199,1.193,1.203,1.186,1.186
155.89999999999543,2.202,1.193,1.204,1.187,1.187
155.99999999999542,2.204,1.194,1.204,1.188,1.188
156.09999999999542,2.205,1.194,1.204,1.189,1.189
156.1999999999954,2.206,1.194,1.203,1.19,1.19
156.2999999999954,2.207,1.194,1.201,1.19,1.19
156.3999999999954,2.207,1.194,1.198,1.19,1.19
156.4999999999954,2.207,1.195,1.196,1.19,1.19
156.5999999999954,2.207,1.193,1.193,1.189,1.189
156.69999999999538,2.207,1.193,1.193,1.189,1.189
156.79999999999538,2.207,1.194,1.196,1.188,1.188
156.89999999999537,2.207,1.195,1.199,1.188,1.188
156.99999999999537,2.207,1.197,1.201,1.189,1.189
157.09999999999536,2.207,1.198,1.203,1.19,1.19
157.19999999999536,2.207,1.199,1.205,1.19,1.19
157.29999999999535,2.207,1.199,1.206,1.191,1.191
157.39999999999534,2.207,1.198,1.207,1.191,1.191
157.49999999999534,2.207,1.196,1.207,1.192,1.192
157.59999999999533,2.207,1.194,1.207,1.192,1.192
157.69999999999533,2.207,1.192,1.207,1.192,1.192
157.79999999999532,2.207,1.19,1.207,1.19,1.192
157.89999999999532,2.207,1.191,1.207,1.191,1.192
157.9999999999953,2.207,1.194,1.207,1.192,1.192
158.0999999999953,2.208,1.197,1.207,1.193,1.193
158.1999999999953,2.208,1.199,1.207,1.195,1.195
158.2999999999953,2.21,1.201,1.206,1.196,1.196
158.3999999999953,2.211,1.203,1.206,1.197,1.197
158.49999999999528,2.214,1.204,1.205,1.197,1.197
158.59999999999528,2.217,1.204,1.204,1.196,1.196
158.69999999999527,2.221,1.204,1.204,1.195,1.195
158.79999999999526,2.226,1.204,1.204,1.193,1.193
158.89999999999526,2.231,1.204,1.204,1.191,1.191
158.99999999999525,2.236,1.205,1.205,1.189,1.189
159.09999999999525,2.241,1.205,1.205,1.19,1.19
159.19999999999524,2.245,1.206,1.206,1.193,1.193
159.29999999999524,2.248,1.205,1.207,1.196,1.196
159.39999999999523,2.25,1.205,1.207,1.198,1.198
159.49999999999523,2.252,1.204,1.206,1.2,1.2
159.59999999999522,2.254,1.204,1.206,1.202,1.202
159.6999999999952,2.255,1.203,1.205,1.203,1.203
159.7999999999952,2.255,1.203,1.204,1.203,1.204
159.8999999999952,2.255,1.202,1.203,1.202,1.205
159.9999999999952,2.255,1.202,1.202,1.202,1.205
160.0999999999952,2.254,1.202,1.202,1.202,1.205
160.19999999999519,2.254,1.202,1.202,1.203,1.205
160.29999999999518,2.253,1.201,1.201,1.203,1.205
160.39999999999517,2.252,1.201,1.201,1.204,1.205
160.49999999999517,2.252,1.2,1.2,1.204,1.204
160.59999999999516,2.253,1.2,1.2,1.204,1.204
160.69999999999516,2.254,1.2,1.2,1.203,1.203
160.79999999999515,2.257,1.199,1.199,1.203,1.203
160.89999999999515,2.26,1.199,1.199,1.202,1.202
160.99999999999514,2.265,1.199,1.199,1.202,1.202
161.09999999999513,2.273,1.199,1.199,1.201,1.201
161.19999999999513,2.279,1.2,1.2,1.2,1.201
161.29999999999512,2.283,1.2,1.202,1.2,1.201
161.39999999999512,2.278,1.2,1.203,1.2,1.202
161.4999999999951,2.263,1.199,1.204,1.199,1.202
161.5999999999951,2.239,1.199,1.204,1.199,1.203
161.6999999999951,2.206,1.199,1.203,1.199,1.203
161.7999999999951,2.167,1.198,1.201,1.198,1.203
161.8999999999951,2.121,1.198,1.198,1.198,1.203
161.99999999999508,2.07,1.196,1.196,1.198,1.202
162.09999999999508,2.013,1.194,1.194,1.198,1.201
162.19999999999507,1.952,1.194,1.194,1.197,1.2
162.29999999999507,1.888,1.196,1.196,1.197,1.199
162.39999999999506,1.82,1.198,1.199,1.198,1.198
162.49999999999505,1.748,1.199,1.201,1.198,1.198
162.59999999999505,1.674,1.201,1.203,1.198,1.198
162.69999999999504,1.597,1.202,1.205,1.198,1.198
162.79999999999504,1.518,1.202,1.206,1.197,1.197
162.89999999999503,1.437,1.201,1.207,1.197,1.197
162.99999999999503,1.354,1.199,1.208,1.197,1.197
163.09999999999502,1.269,1.196,1.208,1.196,1.197
163.19999999999501,1.183,1.194,1.183,1.194,1.197
163.299999999995,1.097,1.192,1.097,1.192,1.196
163.399999999995,1.017,1.192,1.017,1.192,1.196
163.499999999995,1.033,1.182,1.033,1.195,1.195
163.599999999995,1.047,1.169,1.047,1.196,1.196
163.699999999995,1.058,1.159,1.058,1.196,1.198
163.79999999999498,1.066,1.15,1.066,1.195,1.199
163.89999999999498,1.069,1.142,1.069,1.193,1.2
163.99999999999497,1.07,1.135,1.07,1.19,1.199
164.09999999999496,1.065,1.13,1.065,1.186,1.197
164.19999999999496,1.057,1.125,1.057,1.182,1.195
164.29999999999495,1.046,1.119,1.046,1.177,1.191
164.39999999999495,1.033,1.113,1.033,1.172,1.187
164.49999999999494,1.019,1.107,1.019,1.167,1.184
164.59999999999494,1.003,1.099,1.003,1.162,1.182
164.69999999999493,0.987,1.091,0.987,1.157,1.182
164.79999999999492,0.972,1.082,0.972,1.151,1.182
164.89999999999492,0.96,1.073,0.96,1.145,1.182
164.9999999999949,0.952,1.063,0.952,1.138,1.181
165.0999999999949,0.949,1.053,0.949,1.131,1.179
165.1999999999949,0.951,1.044,0.951,1.124,1.176
165.2999999999949,0.959,1.036,0.959,1.117,1.172
165.3999999999949,0.973,1.028,0.973,1.11,1.168
165.49999999999488,0.994,1.023,0.994,1.103,1.163
165.59999999999488,1.021,1.02,1.02,1.096,1.158
165.69999999999487,1.053,1.019,1.019,1.09,1.153
165.79999999999487,1.086,1.019,1.019,1.084,1.148
165.89999999999486,1.118,1.02,1.02,1.077,1.142
165.99999999999486,1.149,1.021,1.021,1.071,1.137
166.09999999999485,1.177,1.022,1.022,1.064,1.131
166.19999999999484,1.203,1.023,1.023,1.059,1.125
166.29999999999484,1.225,1.021,1.021,1.053,1.119
166.39999999999483,1.245,1.017,1.017,1.048,1.113
166.49999999999483,1.262,1.01,1.01,1.043,1.107
166.59999999999482,1.276,1.0,1.0,1.039,1.101
166.69999999999482,1.287,0.987,0.987,1.035,1.095
166.7999999999948,1.296,0.972,0.972,1.031,1.09
166.8999999999948,1.301,0.955,0.955,1.026,1.084
166.9999999999948,1.305,0.94,0.94,1.02,1.078
167.0999999999948,1.308,0.927,0.927,1.013,1.071
167.1999999999948,1.31,0.917,0.917,1.005,1.064
167.29999999999478,1.312,0.908,0.908,0.996,1.056
167.39999999999478,1.312,0.902,0.902,0.987,1.048
167.49999999999477,1.312,0.897,0.897,0.978,1.041
167.59999999999476,1.312,0.895,0.895,0.97,1.033
167.69999999999476,1.312,0.894,0.894,0.961,1.026
167.79999999999475,1.312,0.895,0.895,0.953,1.02
167.89999999999475,1.313,0.898,0.898,0.945,1.014
167.99999999999474,1.314,0.904,0.904,0.939,1.009
168.09999999999474,1.316,0.913,0.913,0.933,1.005
168.19999999999473,1.317,0.925,0.925,0.929,1.001
168.29999999999472,1.319,0.926,0.938,0.926,0.997
168.39999999999472,1.322,0.925,0.952,0.925,0.992
168.4999999999947,1.324,0.926,0.966,0.926,0.987
168.5999999999947,1.327,0.928,0.981,0.928,0.983
168.6999999999947,1.33,0.932,0.995,0.932,0.979
168.7999999999947,1.334,0.936,1.009,0.936,0.976
168.8999999999947,1.338,0.942,1.022,0.942,0.973
168.99999999999469,1.341,0.948,1.035,0.948,0.97
169.09999999999468,1.345,0.956,1.048,0.956,0.968
169.19999999999467,1.347,0.965,1.06,0.965,0.966
169.29999999999467,1.35,0.974,1.072,0.965,0.965
169.39999999999466,1.351,0.984,1.082,0.966,0.966
169.49999999999466,1.353,0.993,1.092,0.967,0.967
169.59999999999465,1.354,1.003,1.101,0.969,0.969
169.69999999999465,1.354,1.013,1.11,0.973,0.973
169.79999999999464,1.354,1.023,1.117,0.977,0.977
169.89999999999463,1.354,1.032,1.124,0.982,0.982
169.99999999999463,1.354,1.04,1.13,0.987,0.987
170.09999999999462,1.353,1.048,1.136,0.993,0.993
170.19999999999462,1.352,1.056,1.141,0.999,0.999
170.2999999999946,1.351,1.064,1.145,1.006,1.006
170.3999999999946,1.349,1.071,1.149,1.013,1.013
170.4999999999946,1.348,1.078,1.153,1.02,1.02
170.5999999999946,1.347,1.085,1.156,1.027,1.027
170.6999999999946,1.346,1.091,1.159,1.034,1.034
170.79999999999458,1.345,1.096,1.162,1.04,1.04
170.89999999999458,1.344,1.102,1.164,1.047,1.047
170.99999999999457,1.344,1.107,1.166,1.053,1.053
171.09999999999457,1.343,1.112,1.168,1.058,1.058
171.19999999999456,1.344,1.116,1.17,1.063,1.063
171.29999999999455,1.344,1.12,1.172,1.068,1.068
171.39999999999455,1.345,1.124,1.174,1.073,1.073
171.49999999999454,1.346,1.128,1.176,1.078,1.078
171.59999999999454,1.348,1.132,1.178,1.082,1.082
171.69999999999453,1.35,1.135,1.179,1.087,1.087
171.79999999999453,1.352,1.139,1.181,1.091,1.091
171.89999999999452,1.355,1.142,1.182,1.095,1.095
171.99999999999451,1.358,1.145,1.183,1.099,1.099
172.0999999999945,1.362,1.148,1.185,1.103,1.103
172.1999999999945,1.366,1.151,1.186,1.106,1.106
172.2999999999945,1.37,1.154,1.187,1.11,1.11
172.3999999999945,1.374,1.156,1.188,1.114,1.114
172.4999999999945,1.378,1.159,1.189,1.117,1.117
172.59999999999448,1.383,1.161,1.19,1.121,1.121
172.69999999999447,1.388,1.164,1.191,1.124,1.124
172.79999999999447,1.392,1.166,1.192,1.127,1.127
172.89999999999446,1.397,1.168,1.192,1.13,1.13
172.99999999999446,1.403,1.17,1.193,1.134,1.134
173.09999999999445,1.408,1.172,1.193,1.137,1.137
173.19999999999445,1.413,1.174,1.194,1.14,1.14
173.29999999999444,1.418,1.176,1.195,1.142,1.142
173.39999999999444,1.424,1.177,1.195,1.145,1.145
173.49999999999443,1.429,1.179,1.195,1.148,1.148
173.59999999999442,1.431,1.18,1.195,1.151,1.151
173.69999999999442,1.431,1.182,1.194,1.153,1.153
173.7999999999944,1.43,1.183,1.192,1.156,1.156
173.8999999999944,1.427,1.184,1.189,1.158,1.158
173.9999999999944,1.425,1.184,1.185,1.16,1.16
174.0999999999944,1.423,1.182,1.182,1.162,1.162
174.1999999999944,1.421,1.18,1.18,1.164,1.164
174.29999999999438,1.42,1.179,1.179,1.166,1.166
174.39999999999438,1.42,1.177,1.177,1.167,1.167
174.49999999999437,1.421,1.176,1.176,1.169,1.169
174.59999999999437,1.423,1.175,1.175,1.17,1.17
174.69999999999436,1.427,1.175,1.175,1.17,1.17
174.79999999999436,1.432,1.172,1.174,1.171,1.171
174.89999999999435,1.438,1.169,1.173,1.169,1.171
174.99999999999434,1.446,1.166,1.173,1.166,1.171
175.09999999999434,1.456,1.164,1.173,1.164,1.17
175.19999999999433,1.466,1.162,1.175,1.162,1.17
175.29999999999433,1.475,1.164,1.177,1.164,1.169
175.39999999999432,1.484,1.168,1.179,1.168,1.169
175.49999999999432,1.493,1.171,1.181,1.169,1.169
175.5999999999943,1.501,1.175,1.184,1.168,1.168
175.6999999999943,1.509,1.179,1.186,1.167,1.167
175.7999999999943,1.515,1.181,1.189,1.167,1.167
175.8999999999943,1.522,1.184,1.191,1.165,1.165
175.9999999999943,1.527,1.185,1.194,1.164,1.164
176.09999999999428,1.531,1.187,1.196,1.163,1.163
176.19999999999428,1.535,1.188,1.199,1.162,1.162
176.29999999999427,1.538,1.189,1.201,1.162,1.162
176.39999999999426,1.539,1.19,1.204,1.162,1.162
176.49999999999426,1.54,1.191,1.207,1.165,1.165
176.59999999999425,1.541,1.191,1.21,1.17,1.17
176.69999999999425,1.54,1.191,1.212,1.175,1.175
176.79999999999424,1.539,1.192,1.214,1.18,1.18
176.89999999999424,1.538,1.192,1.215,1.184,1.184
176.99999999999423,1.536,1.191,1.217,1.187,1.187
177.09999999999422,1.534,1.191,1.218,1.189,1.189
177.19999999999422,1.532,1.191,1.218,1.19,1.19
177.2999999999942,1.53,1.191,1.219,1.191,1.191
177.3999999999942,1.528,1.191,1.22,1.191,1.191
177.4999999999942,1.527,1.191,1.22,1.191,1.191
177.5999999999942,1.526,1.191,1.22,1.191,1.191
177.6999999999942,1.525,1.192,1.22,1.191,1.191
177.79999999999418,1.523,1.193,1.22,1.191,1.191
177.89999999999418,1.513,1.194,1.22,1.191,1.191
177.99999999999417,1.493,1.195,1.22,1.19,1.19
178.09999999999417,1.467,1.196,1.22,1.19,1.19
178.19999999999416,1.433,1.197,1.219,1.19,1.19
178.29999999999416,1.394,1.198,1.219,1.189,1.189
178.39999999999415,1.349,1.198,1.219,1.189,1.189
178.49999999999415,1.299,1.199,1.219,1.189,1.189
178.59999999999414,1.245,1.199,1.219,1.189,1.189
178.69999999999413,1.187,1.199,1.187,1.189,1.189
178.79999999999413,1.127,1.2,1.127,1.19,1.19
178.89999999999412,1.068,1.2,1.068,1.191,1.191
178.99999999999412,1.012,1.201,1.012,1.192,1.192
179.0999999999941,0.958,1.185,0.958,1.193,1.193
179.1999999999941,0.906,1.166,0.906,1.194,1.194
179.2999999999941,0.857,1.145,0.857,1.195,1.195
179.3999999999941,0.81,1.121,0.81,1.193,1.196
179.4999999999941,0.766,1.095,0.766,1.187,1.196
179.59999999999408,0.724,1.068,0.724,1.18,1.196
179.69999999999408,0.684,1.04,0.684,1.17,1.195
179.79999999999407,0.647,1.01,0.647,1.16,1.193
179.89999999999407,0.612,0.98,0.612,1.147,1.191
179.99999999999406,0.661,0.949,0.661,1.133,1.187
180.09999999999405,0.71,0.925,0.71,1.118,1.183
180.19999999999405,0.758,0.908,0.758,1.102,1.178
180.29999999999404,0.805,0.895,0.805,1.086,1.172
180.39999999999404,0.85,0.888,0.85,1.07,1.165
180.49999999999403,0.894,0.885,0.885,1.054,1.158
180.59999999999403,0.937,0.886,0.886,1.04,1.149
180.69999999999402,0.981,0.89,0.89,1.027,1.14
180.79999999999401,1.02,0.897,0.897,1.016,1.131
180.899999999994,1.054,0.906,0.906,1.005,1.121
180.999999999994,1.083,0.916,0.916,0.996,1.112
181.099999999994,1.109,0.925,0.925,0.987,1.102
181.199999999994,1.13,0.934,0.934,0.98,1.092
181.299999999994,1.149,0.941,0.941,0.974,1.083
181.39999999999398,1.165,0.947,0.947,0.969,1.074
181.49999999999397,1.178,0.95,0.95,0.965,1.065
181.59999999999397,1.189,0.951,0.951,0.961,1.057
181.69999999999396,1.198,0.95,0.95,0.959,1.049
181.79999999999396,1.205,0.946,0.946,0.958,1.041
181.89999999999395,1.21,0.94,0.94,0.958,1.034
181.99999999999395,1.215,0.933,0.933,0.957,1.028
182.09999999999394,1.219,0.927,0.927,0.955,1.021
182.19999999999393,1.224,0.921,0.921,0.953,1.014
182.29999999999393,1.229,0.916,0.916,0.951,1.008
182.39999999999392,1.233,0.912,0.912,0.948,1.001
182.49999999999392,1.238,0.909,0.909,0.945,0.995
182.5999999999939,1.242,0.907,0.907,0.941,0.988
182.6999999999939,1.246,0.907,0.907,0.937,0.982
182.7999999999939,1.249,0.907,0.907,0.933,0.977
182.8999999999939,1.252,0.909,0.909,0.93,0.972
182.9999999999939,1.255,0.913,0.913,0.926,0.969
183.09999999999388,1.259,0.921,0.921,0.923,0.966
183.19999999999388,1.264,0.922,0.93,0.922,0.965
183.29999999999387,1.269,0.921,0.941,0.921,0.963
183.39999999999387,1.275,0.922,0.952,0.922,0.962
183.49999999999386,1.281,0.924,0.965,0.924,0.96
183.59999999999386,1.289,0.927,0.977,0.927,0.958
183.69999999999385,1.296,0.932,0.99,0.932,0.957
183.79999999999384,1.304,0.938,1.002,0.938,0.956
183.89999999999384,1.313,0.945,1.014,0.945,0.955
183.99999999999383,1.319,0.952,1.024,0.952,0.955
184.09999999999383,1.323,0.958,1.03,0.954,0.954
184.19999999999382,1.326,0.964,1.037,0.954,0.954
184.29999999999382,1.329,0.97,1.043,0.955,0.955
184.3999999999938,1.331,0.976,1.05,0.956,0.956
184.4999999999938,1.334,0.982,1.056,0.957,0.957
184.5999999999938,1.335,0.988,1.062,0.959,0.959
184.6999999999938,1.337,0.994,1.068,0.962,0.962
184.7999999999938,1.338,1.002,1.074,0.966,0.966
184.89999999999378,1.339,1.009,1.08,0.97,0.97
184.99999999999378,1.339,1.017,1.086,0.975,0.975
185.09999999999377,1.339,1.025,1.092,0.98,0.98
185.19999999999376,1.339,1.034,1.099,0.985,0.985
185.29999999999376,1.339,1.043,1.103,0.99,0.99
185.39999999999375,1.338,1.052,1.106,0.994,0.994
185.49999999999375,1.338,1.06,1.108,0.998,0.998
185.59999999999374,1.337,1.067,1.109,1.003,1.003
185.69999999999374,1.337,1.074,1.111,1.008,1.008
185.79999999999373,1.336,1.079,1.112,1.013,1.013
185.89999999999372,1.336,1.083,1.113,1.019,1.019
185.99999999999372,1.336,1.087,1.114,1.025,1.025
186.0999999999937,1.335,1.089,1.115,1.031,1.031
186.1999999999937,1.335,1.091,1.117,1.037,1.037
186.2999999999937,1.335,1.093,1.118,1.044,1.044
186.3999999999937,1.336,1.095,1.12,1.05,1.05
186.4999999999937,1.336,1.097,1.123,1.057,1.057
186.59999999999368,1.336,1.099,1.126,1.064,1.064
186.69999999999368,1.337,1.102,1.129,1.07,1.07
186.79999999999367,1.337,1.104,1.134,1.076,1.076
186.89999999999367,1.337,1.107,1.139,1.081,1.081
186.99999999999366,1.337,1.109,1.144,1.085,1.085
187.09999999999366,1.337,1.112,1.148,1.088,1.088
187.19999999999365,1.337,1.115,1.153,1.091,1.091
187.29999999999364,1.337,1.118,1.156,1.093,1.093
187.39999999999364,1.337,1.121,1.16,1.095,1.095
187.49999999999363,1.338,1.124,1.163,1.097,1.097
187.59999999999363,1.338,1.127,1.166,1.1,1.1
187.69999999999362,1.338,1.131,1.169,1.102,1.102
187.79999999999362,1.338,1.134,1.171,1.104,1.104
187.8999999999936,1.339,1.137,1.173,1.107,1.107
187.9999999999936,1.339,1.14,1.175,1.11,1.11
188.0999999999936,1.34,1.143,1.177,1.112,1.112
188.1999999999936,1.341,1.146,1.179,1.115,1.115
188.2999999999936,1.341,1.149,1.181,1.117,1.117
188.39999999999358,1.34,1.152,1.183,1.12,1.12
188.49999999999358,1.34,1.154,1.183,1.122,1.122
188.59999999999357,1.34,1.156,1.184,1.125,1.125
188.69999999999357,1.34,1.159,1.186,1.127,1.127
188.79999999999356,1.34,1.161,1.187,1.13,1.13
188.89999999999355,1.34,1.163,1.188,1.132,1.132
188.99999999999355,1.34,1.165,1.189,1.135,1.135
189.09999999999354,1.341,1.167,1.19,1.137,1.137
189.19999999999354,1.341,1.168,1.191,1.14,1.14
189.29999999999353,1.341,1.17,1.192,1.142,1.142
189.39999999999353,1.342,1.172,1.192,1.145,1.145
189.49999999999352,1.342,1.174,1.193,1.147,1.147
189.5999999999935,1.342,1.175,1.193,1.149,1.149
189.6999999999935,1.342,1.177,1.194,1.151,1.151
189.7999999999935,1.342,1.178,1.194,1.154,1.154
189.8999999999935,1.342,1.18,1.195,1.156,1.156
189.9999999999935,1.343,1.181,1.195,1.158,1.158
190.09999999999349,1.343,1.182,1.196,1.16,1.16
190.19999999999348,1.343,1.183,1.197,1.162,1.162
190.29999999999347,1.343,1.184,1.198,1.163,1.163
190.39999999999347,1.343,1.185,1.199,1.165,1.165
190.49999999999346,1.343,1.186,1.2,1.167,1.167
190.59999999999346,1.343,1.187,1.201,1.168,1.168
190.69999999999345,1.344,1.188,1.201,1.17,1.17
190.79999999999345,1.344,1.189,1.201,1.172,1.172
190.89999999999344,1.344,1.19,1.201,1.173,1.173
190.99999999999343,1.344,1.191,1.201,1.174,1.174
191.09999999999343,1.344,1.192,1.202,1.176,1.176
191.19999999999342,1.344,1.192,1.203,1.177,1.177
191.29999999999342,1.344,1.193,1.205,1.178,1.178
191.3999999999934,1.345,1.194,1.206,1.18,1.18
191.4999999999934,1.346,1.194,1.209,1.181,1.181
191.5999999999934,1.346,1.195,1.211,1.182,1.182
191.6999999999934,1.347,1.195,1.214,1.183,1.183
191.7999999999934,1.347,1.196,1.216,1.184,1.184
191.89999999999338,1.347,1.196,1.218,1.185,1.185
191.99999999999338,1.347,1.196,1.219,1.186,1.186
192.09999999999337,1.347,1.196,1.218,1.187,1.187
192.19999999999337,1.347,1.196,1.217,1.187,1.187
192.29999999999336,1.347,1.197,1.217,1.188,1.188
192.39999999999336,1.348,1.197,1.217,1.189,1.189
192.49999999999335,1.348,1.197,1.218,1.19,1.19
192.59999999999334,1.348,1.198,1.219,1.19,1.19
192.69999999999334,1.348,1.198,1.221,1.191,1.191
192.79999999999333,1.348,1.198,1.223,1.191,1.191
192.89999999999333,1.348,1.198,1.226,1.192,1.192
192.99999999999332,1.349,1.199,1.23,1.193,1.193
193.09999999999332,1.349,1.199,1.233,1.193,1.193
193.1999999999933,1.349,1.199,1.236,1.194,1.194
193.2999999999933,1.349,1.199,1.238,1.194,1.194
193.3999999999933,1.349,1.199,1.239,1.194,1.194
193.4999999999933,1.349,1.199,1.239,1.195,1.195
193.5999999999933,1.349,1.199,1.238,1.195,1.195
193.69999999999328,1.349,1.2,1.238,1.195,1.195
193.79999999999328,1.349,1.2,1.238,1.196,1.196
193.89999999999327,1.349,1.2,1.239,1.196,1.196
193.99999999999326,1.349,1.2,1.241,1.197,1.197
194.09999999999326,1.349,1.201,1.243,1.197,1.197
194.19999999999325,1.35,1.201,1.246,1.197,1.197
194.29999999999325,1.35,1.201,1.249,1.197,1.197
194.39999999999324,1.35,1.201,1.253,1.198,1.198
194.49999999999324,1.351,1.201,1.257,1.198,1.198
194.59999999999323,1.351,1.201,1.261,1.198,1.198
194.69999999999322,1.351,1.201,1.264,1.198,1.198
194.79999999999322,1.351,1.201,1.265,1.198,1.198
194.8999999999932,1.351,1.2,1.266,1.198,1.198
194.9999999999932,1.351,1.2,1.267,1.199,1.199
195.0999999999932,1.351,1.2,1.267,1.199,1.199
195.1999999999932,1.351,1.2,1.269,1.199,1.199
195.2999999999932,1.351,1.2,1.27,1.199,1.199
195.39999999999318,1.351,1.2,1.272,1.199,1.199
195.49999999999318,1.351,1.2,1.275,1.199,1.199
195.59999999999317,1.351,1.2,1.278,1.199,1.199
195.69999999999317,1.351,1.2,1.281,1.199,1.199
195.79999999999316,1.351,1.2,1.285,1.199,1.199
195.89999999999316,1.351,1.2,1.29,1.199,1.199
195.99999999999315,1.351,1.2,1.295,1.199,1.199
196.09999999999314,1.351,1.199,1.3,1.199,1.199
196.19999999999314,1.352,1.199,1.306,1.199,1.199
196.29999999999313,1.352,1.199,1.312,1.199,1.199
196.39999999999313,1.352,1.199,1.315,1.199,1.199
196.49999999999312,1.352,1.199,1.317,1.199,1.199
196.59999999999312,1.345,1.199,1.316,1.199,1.199
196.6999999999931,1.328,1.199,1.314,1.199,1.199
196.7999999999931,1.304,1.199,1.304,1.199,1.199
196.8999999999931,1.271,1.199,1.271,1.199,1.199
196.9999999999931,1.232,1.198,1.232,1.198,1.199
197.0999999999931,1.187,1.198,1.187,1.198,1.199
197.19999999999308,1.138,1.198,1.138,1.198,1.199
197.29999999999308,1.087,1.198,1.087,1.198,1.199
197.39999999999307,1.036,1.198,1.036,1.198,1.199
197.49999999999307,0.986,1.199,0.986,1.199,1.199
197.59999999999306,0.936,1.203,0.936,1.199,1.199
197.69999999999305,0.887,1.206,0.887,1.199,1.199
197.79999999999305,0.839,1.18,0.839,1.198,1.198
197.89999999999304,0.793,1.152,0.793,1.198,1.198
197.99999999999304,0.748,1.123,0.748,1.197,1.197
198.09999999999303,0.705,1.093,0.705,1.196,1.196
198.19999999999303,0.663,1.062,0.663,1.194,1.194
198.29999999999302,0.624,1.031,0.624,1.185,1.192
198.399999999993,0.586,0.998,0.586,1.172,1.189
198.499999999993,0.55,0.966,0.55,1.156,1.186
198.599999999993,0.516,0.932,0.516,1.139,1.182
198.699999999993,0.483,0.899,0.483,1.122,1.177
198.799999999993,0.543,0.865,0.543,1.104,1.172
198.89999999999299,0.598,0.839,0.598,1.085,1.168
198.99999999999298,0.648,0.82,0.648,1.065,1.163
199.09999999999297,0.693,0.806,0.693,1.046,1.158
199.19999999999297,0.733,0.798,0.733,1.027,1.151
199.29999999999296,0.769,0.793,0.769,1.008,1.142
199.39999999999296,0.801,0.791,0.791,0.991,1.132
199.49999999999295,0.83,0.792,0.792,0.975,1.121
199.59999999999295,0.858,0.796,0.796,0.961,1.109
199.69999999999294,0.885,0.801,0.801,0.948,1.096
199.79999999999293,0.912,0.809,0.809,0.936,1.083
199.89999999999293,0.94,0.817,0.817,0.926,1.07
199.99999999999292,0.97,0.828,0.828,0.918,1.058
