t,d_r0_r1,d_r1_r2,d_r2_r3,d_r3_r4
0.1,7.284,8.409,9.001,9.095
0.2,7.284,8.409,9.001,9.095
0.3,7.277,8.405,8.994,9.082
0.4,7.265,8.396,8.981,9.056
0.5,7.247,8.382,8.959,9.019
0.6,7.224,8.361,8.929,8.969
0.7,7.197,8.333,8.891,8.909
0.8,7.167,8.298,8.843,8.839
0.9,7.135,8.256,8.785,8.76
1.0,7.101,8.205,8.718,8.672
1.1,7.067,8.146,8.643,8.577
1.2,7.034,8.079,8.557,8.474
1.3,7.002,8.003,8.463,8.364
1.4,6.972,7.919,8.359,8.247
1.5,6.943,7.825,8.243,8.123
1.6,6.915,7.723,8.117,7.994
1.7,6.888,7.613,7.982,7.86
1.8,6.862,7.497,7.837,7.722
1.9,6.837,7.375,7.686,7.611
2.0,6.812,7.249,7.528,7.497
2.1,6.787,7.119,7.365,7.381
2.2,6.762,6.986,7.197,7.263
2.3,6.737,6.852,7.028,7.142
2.4,6.711,6.717,6.858,7.019
2.5,6.685,6.583,6.69,6.894
2.6,6.658,6.452,6.523,6.768
2.7,6.63,6.324,6.359,6.64
2.8,6.602,6.201,6.199,6.512
2.9,6.574,6.082,6.044,6.384
3.0,6.546,5.969,5.893,6.256
3.1,6.519,5.862,5.749,6.13
3.2,6.494,5.761,5.61,6.004
3.3,6.469,5.668,5.478,5.881
3.4,6.445,5.581,5.354,5.759
3.5,6.423,5.502,5.236,5.641
3.6,6.401,5.43,5.126,5.525
3.7,6.38,5.365,5.024,5.41
3.8,6.359,5.303,4.926,5.297
3.9,6.339,5.245,4.832,5.186
4.0,6.32,5.19,4.742,5.076
4.1,6.302,5.138,4.656,4.968
4.2,6.285,5.089,4.574,4.861
4.3,6.268,5.044,4.497,4.757
4.4,6.253,5.002,4.423,4.654
4.5,6.238,4.962,4.353,4.554
4.6,6.224,4.926,4.288,4.455
4.7,6.21,4.892,4.227,4.359
4.8,6.197,4.862,4.169,4.265
4.9,6.185,4.831,4.113,4.172
5.0,6.173,4.805,4.063,4.081
5.1,6.161,4.783,4.018,3.99
5.2,6.15,4.764,3.979,3.901
5.3,6.139,4.748,3.945,3.813
5.4,6.129,4.735,3.915,3.726
5.5,6.119,4.725,3.889,3.64
5.6,6.11,4.716,3.867,3.555
5.7,6.101,4.71,3.848,3.471
5.8,6.093,4.704,3.832,3.388
5.9,6.085,4.701,3.819,3.312
6.0,6.077,4.696,3.805,3.241
6.1,6.07,4.692,3.791,3.177
6.2,6.063,4.687,3.777,3.118
6.3,6.056,4.682,3.763,3.064
6.4,6.05,4.676,3.749,3.016
6.5,6.044,4.67,3.735,2.972
6.6,6.039,4.664,3.721,2.933
6.7,6.033,4.658,3.707,2.898
6.8,6.029,4.651,3.692,2.867
6.9,6.025,4.645,3.678,2.84
7.0,6.022,4.639,3.663,2.817
7.1,6.021,4.633,3.649,2.793
7.2,6.02,4.628,3.633,2.771
7.3,6.018,4.622,3.616,2.748
7.4,6.006,4.618,3.603,2.726
7.5,5.987,4.616,3.591,2.704
7.6,5.962,4.616,3.582,2.682
7.7,5.93,4.618,3.574,2.661
7.8,5.892,4.621,3.569,2.641
7.9,5.85,4.625,3.565,2.621
8.0,5.803,4.63,3.562,2.602
8.1,5.751,4.636,3.561,2.583
8.2,5.696,4.642,3.56,2.564
8.3,5.637,4.647,3.558,2.549
8.4,5.575,4.645,3.55,2.535
8.5,5.51,4.639,3.538,2.523
8.6,5.442,4.627,3.52,2.512
8.7,5.372,4.61,3.498,2.501
8.8,5.299,4.588,3.472,2.49
8.9,5.225,4.561,3.441,2.478
9.0,5.148,4.53,3.407,2.465
9.1,5.07,4.494,3.368,2.452
9.2,4.99,4.454,3.327,2.436
9.3,4.909,4.411,3.281,2.418
9.4,4.827,4.364,3.232,2.399
9.5,4.832,4.32,3.187,2.376
9.6,4.835,4.279,3.145,2.353
9.7,4.836,4.241,3.106,2.327
9.8,4.832,4.205,3.071,2.301
9.9,4.825,4.172,3.038,2.275
10.0,4.813,4.141,3.008,2.248
10.1,4.797,4.112,2.98,2.22
10.2,4.775,4.084,2.954,2.193
10.3,4.747,4.057,2.93,2.167
10.4,4.714,4.031,2.907,2.14
10.5,4.675,4.006,2.886,2.114
10.6,4.63,3.982,2.866,2.089
10.7,4.579,3.959,2.847,2.065
10.8,4.523,3.936,2.831,2.041
10.9,4.46,3.915,2.816,2.019
11.0,4.393,3.895,2.803,1.998
11.1,4.321,3.877,2.792,1.977
11.2,4.247,3.86,2.784,1.959
11.3,4.171,3.846,2.779,1.941
11.4,4.094,3.83,2.775,1.925
11.5,4.017,3.813,2.772,1.908
11.6,3.941,3.794,2.769,1.893
11.7,3.866,3.772,2.765,1.878
11.8,3.795,3.746,2.76,1.864
11.9,3.727,3.716,2.754,1.852
12.0,3.663,3.682,2.746,1.841
12.1,3.605,3.644,2.735,1.829
12.2,3.552,3.603,2.72,1.817
12.3,3.506,3.558,2.701,1.804
12.4,3.467,3.511,2.679,1.791
12.5,3.436,3.462,2.654,1.777
12.6,3.414,3.413,2.629,1.763
12.7,3.4,3.366,2.603,1.748
12.8,3.395,3.32,2.577,1.734
12.9,3.399,3.278,2.552,1.719
13.0,3.413,3.238,2.527,1.704
13.1,3.436,3.203,2.503,1.689
13.2,3.463,3.168,2.477,1.672
13.3,3.496,3.134,2.45,1.652
13.4,3.532,3.101,2.423,1.632
13.5,3.574,3.069,2.394,1.611
13.6,3.62,3.038,2.365,1.589
13.7,3.669,3.015,2.341,1.567
13.8,3.723,2.999,2.321,1.545
13.9,3.78,2.99,2.305,1.523
14.0,3.84,2.987,2.293,1.503
14.1,3.902,2.991,2.285,1.484
14.2,3.967,3.001,2.28,1.466
14.3,4.033,3.017,2.278,1.45
14.4,4.097,3.034,2.279,1.435
14.5,4.158,3.052,2.282,1.421
14.6,4.216,3.072,2.286,1.41
14.7,4.272,3.095,2.293,1.401
14.8,4.326,3.121,2.302,1.393
14.9,4.378,3.149,2.311,1.387
15.0,4.428,3.18,2.321,1.381
15.1,4.475,3.212,2.33,1.377
15.2,4.521,3.245,2.339,1.372
15.3,4.565,3.278,2.347,1.369
15.4,4.606,3.311,2.355,1.365
15.5,4.646,3.344,2.362,1.362
15.6,4.683,3.377,2.367,1.359
15.7,4.717,3.407,2.371,1.355
15.8,4.75,3.436,2.374,1.351
15.9,4.779,3.463,2.375,1.347
16.0,4.806,3.487,2.376,1.342
16.1,4.83,3.507,2.376,1.338
16.2,4.85,3.525,2.376,1.333
16.3,4.868,3.539,2.376,1.329
16.4,4.884,3.551,2.376,1.325
16.5,4.897,3.56,2.376,1.32
16.6,4.908,3.567,2.375,1.316
16.7,4.918,3.572,2.373,1.311
16.8,4.926,3.575,2.372,1.308
16.9,4.932,3.577,2.37,1.305
17.0,4.937,3.579,2.368,1.302
17.1,4.94,3.579,2.367,1.299
17.2,4.942,3.579,2.366,1.296
17.3,4.944,3.579,2.365,1.293
17.4,4.946,3.578,2.364,1.29
17.5,4.947,3.578,2.363,1.287
17.6,4.948,3.577,2.363,1.284
17.7,4.949,3.577,2.363,1.281
17.8,4.95,3.576,2.364,1.279
17.9,4.951,3.576,2.366,1.278
18.0,4.951,3.577,2.368,1.279
18.1,4.952,3.577,2.369,1.28
18.2,4.952,3.577,2.37,1.281
18.3,4.952,3.578,2.371,1.282
18.4,4.952,3.578,2.371,1.283
18.5,4.953,3.579,2.37,1.284
18.6,4.954,3.579,2.369,1.284
18.7,4.954,3.58,2.368,1.284
18.8,4.955,3.58,2.367,1.284
18.9,4.956,3.579,2.367,1.284
19.0,4.957,3.578,2.367,1.284
19.1,4.959,3.579,2.369,1.284
19.2,4.96,3.579,2.372,1.284
19.3,4.962,3.581,2.375,1.284
19.4,4.963,3.582,2.378,1.284
19.5,4.963,3.582,2.38,1.283
19.6,4.963,3.582,2.382,1.283
19.7,4.964,3.582,2.383,1.283
19.8,4.964,3.581,2.383,1.282
19.9,4.964,3.58,2.382,1.282
20.0,4.964,3.58,2.381,1.282
20.1,4.965,3.58,2.38,1.283
20.2,4.967,3.581,2.379,1.284
20.3,4.97,3.582,2.378,1.286
20.4,4.972,3.584,2.376,1.287
20.5,4.974,3.585,2.375,1.287
20.6,4.976,3.586,2.374,1.287
20.7,4.978,3.587,2.373,1.286
20.8,4.98,3.588,2.373,1.284
20.9,4.981,3.589,2.373,1.281
21.0,4.982,3.59,2.374,1.279
21.1,4.983,3.591,2.376,1.277
21.2,4.984,3.592,2.379,1.277
21.3,4.985,3.592,2.383,1.279
21.4,4.986,3.593,2.386,1.281
21.5,4.987,3.593,2.387,1.284
21.6,4.987,3.593,2.388,1.286
21.7,4.987,3.592,2.387,1.287
21.8,4.987,3.591,2.386,1.289
21.9,4.987,3.59,2.383,1.289
22.0,4.987,3.588,2.38,1.29
22.1,4.987,3.586,2.377,1.29
22.2,4.988,3.585,2.376,1.289
22.3,4.989,3.585,2.376,1.289
22.4,4.991,3.586,2.377,1.288
22.5,4.993,3.588,2.378,1.287
22.6,4.995,3.59,2.379,1.286
22.7,4.996,3.591,2.38,1.284
22.8,4.997,3.591,2.381,1.283
22.9,4.998,3.591,2.381,1.282
23.0,4.998,3.59,2.381,1.28
23.1,4.998,3.588,2.379,1.278
23.2,4.998,3.587,2.378,1.277
23.3,4.998,3.586,2.376,1.276
23.4,4.998,3.586,2.375,1.277
23.5,4.999,3.586,2.374,1.278
23.6,5.001,3.587,2.373,1.279
23.7,5.002,3.588,2.372,1.279
23.8,5.004,3.589,2.372,1.278
23.9,5.005,3.59,2.371,1.277
24.0,5.005,3.59,2.372,1.276
24.1,5.006,3.591,2.372,1.274
24.2,5.007,3.591,2.374,1.272
24.3,5.007,3.591,2.376,1.271
24.4,5.007,3.592,2.38,1.273
24.5,5.008,3.592,2.384,1.276
24.6,5.008,3.592,2.387,1.278
24.7,5.008,3.592,2.388,1.281
24.8,5.008,3.591,2.388,1.283
24.9,5.008,3.591,2.387,1.284
25.0,5.008,3.59,2.385,1.285
25.1,5.008,3.589,2.382,1.286
25.2,5.009,3.587,2.379,1.286
25.3,5.01,3.585,2.375,1.286
25.4,5.011,3.585,2.374,1.285
25.5,5.013,3.585,2.374,1.285
25.6,5.016,3.587,2.375,1.285
25.7,5.02,3.59,2.377,1.284
25.8,5.023,3.592,2.378,1.284
25.9,5.025,3.593,2.38,1.283
26.0,5.026,3.594,2.381,1.282
26.1,5.027,3.593,2.381,1.282
26.2,5.027,3.593,2.381,1.281
26.3,5.028,3.591,2.379,1.28
26.4,5.028,3.59,2.378,1.28
26.5,5.028,3.589,2.377,1.281
26.6,5.028,3.589,2.376,1.282
26.7,5.029,3.589,2.375,1.283
26.8,5.029,3.589,2.374,1.284
26.9,5.03,3.59,2.373,1.284
27.0,5.03,3.59,2.372,1.284
27.1,5.031,3.59,2.372,1.282
27.2,5.031,3.59,2.372,1.28
27.3,5.032,3.59,2.372,1.277
27.4,5.032,3.591,2.374,1.275
27.5,5.032,3.591,2.376,1.273
27.6,5.032,3.591,2.379,1.274
27.7,5.032,3.591,2.383,1.276
27.8,5.033,3.591,2.386,1.279
27.9,5.033,3.591,2.388,1.281
28.0,5.033,3.591,2.389,1.283
28.1,5.033,3.591,2.39,1.284
28.2,5.033,3.591,2.39,1.285
28.3,5.033,3.591,2.39,1.286
28.4,5.034,3.59,2.39,1.286
28.5,5.035,3.589,2.389,1.286
28.6,5.037,3.589,2.388,1.286
28.7,5.039,3.59,2.388,1.286
28.8,5.042,3.592,2.387,1.286
28.9,5.046,3.596,2.387,1.286
29.0,5.049,3.599,2.387,1.286
29.1,5.051,3.601,2.386,1.286
29.2,5.052,3.603,2.386,1.285
29.3,5.053,3.604,2.386,1.284
29.4,5.053,3.605,2.385,1.284
29.5,5.053,3.605,2.385,1.283
29.6,5.053,3.605,2.385,1.282
29.7,5.053,3.605,2.385,1.282
29.8,5.053,3.605,2.385,1.283
29.9,5.054,3.605,2.385,1.284
30.0,5.055,3.605,2.385,1.285
30.1,5.055,3.604,2.384,1.285
30.2,5.056,3.604,2.384,1.286
30.3,5.056,3.602,2.383,1.285
30.4,5.057,3.601,2.382,1.285
30.5,5.057,3.598,2.382,1.284
30.6,5.057,3.595,2.382,1.283
30.7,5.057,3.592,2.382,1.281
30.8,5.057,3.588,2.384,1.28
30.9,5.054,3.583,2.386,1.279
31.0,5.04,3.581,2.392,1.279
31.1,5.018,3.579,2.399,1.279
31.2,4.989,3.579,2.405,1.279
31.3,4.953,3.579,2.41,1.279
31.4,4.91,3.58,2.415,1.278
31.5,4.863,3.582,2.418,1.278
31.6,4.811,3.583,2.42,1.278
31.7,4.755,3.585,2.42,1.278
31.8,4.695,3.587,2.42,1.278
31.9,4.632,3.585,2.414,1.278
32.0,4.567,3.578,2.403,1.279
32.1,4.499,3.567,2.386,1.281
32.2,4.43,3.552,2.364,1.282
32.3,4.357,3.532,2.337,1.281
32.4,4.282,3.506,2.307,1.277
32.5,4.204,3.476,2.272,1.269
32.6,4.124,3.441,2.233,1.258
32.7,4.041,3.401,2.191,1.244
32.8,3.957,3.357,2.146,1.226
32.9,3.87,3.31,2.099,1.205
33.0,3.783,3.259,2.049,1.183
33.1,3.783,3.211,2.006,1.163
33.2,3.782,3.167,1.971,1.144
33.3,3.778,3.127,1.94,1.126
33.4,3.771,3.088,1.911,1.108
33.5,3.76,3.052,1.886,1.09
33.6,3.746,3.019,1.863,1.072
33.7,3.727,2.988,1.843,1.056
33.8,3.705,2.959,1.825,1.04
33.9,3.679,2.933,1.809,1.025
34.0,3.65,2.91,1.795,1.011
34.1,3.618,2.89,1.783,0.998
34.2,3.584,2.874,1.774,0.987
34.3,3.547,2.861,1.768,0.977
34.4,3.509,2.854,1.766,0.968
34.5,3.465,2.847,1.766,0.961
34.6,3.416,2.843,1.77,0.955
34.7,3.361,2.841,1.776,0.95
34.8,3.301,2.852,1.795,0.948
34.9,3.236,2.862,1.813,0.947
35.0,3.165,2.872,1.831,0.948
35.1,3.09,2.881,1.847,0.95
35.2,3.01,2.889,1.862,0.952
35.3,2.926,2.896,1.876,0.956
35.4,2.837,2.9,1.886,0.96
35.5,2.745,2.901,1.892,0.965
35.6,2.65,2.897,1.894,0.969
35.7,2.556,2.889,1.892,0.974
35.8,2.464,2.876,1.883,0.978
35.9,2.374,2.859,1.869,0.98
36.0,2.285,2.836,1.85,0.981
36.1,2.2,2.807,1.826,0.979
36.2,2.119,2.773,1.797,0.973
36.3,2.044,2.733,1.766,0.963
36.4,1.975,2.688,1.733,0.95
36.5,1.915,2.639,1.7,0.935
36.6,1.865,2.585,1.668,0.917
36.7,1.825,2.528,1.638,0.898
36.8,1.797,2.467,1.611,0.879
36.9,1.782,2.403,1.588,0.862
37.0,1.78,2.336,1.566,0.845
37.1,1.791,2.267,1.544,0.828
37.2,1.82,2.197,1.524,0.813
37.3,1.866,2.127,1.503,0.798
37.4,1.928,2.059,1.483,0.785
37.5,2.003,1.994,1.462,0.773
37.6,2.089,1.935,1.446,0.761
37.7,2.186,1.886,1.433,0.752
37.8,2.291,1.845,1.424,0.743
37.9,2.396,1.809,1.419,0.736
38.0,2.499,1.776,1.417,0.73
38.1,2.602,1.747,1.42,0.726
38.2,2.704,1.722,1.425,0.724
38.3,2.803,1.7,1.435,0.722
38.4,2.901,1.682,1.447,0.723
38.5,2.997,1.666,1.462,0.725
38.6,3.09,1.653,1.478,0.728
38.7,3.181,1.643,1.497,0.734
38.8,3.27,1.635,1.518,0.742
38.9,3.358,1.63,1.541,0.751
39.0,3.443,1.628,1.564,0.762
39.1,3.528,1.629,1.588,0.774
39.2,3.61,1.633,1.612,0.786
39.3,3.692,1.641,1.637,0.799
39.4,3.773,1.653,1.661,0.813
39.5,3.853,1.668,1.686,0.827
39.6,3.932,1.686,1.711,0.841
39.7,4.01,1.712,1.739,0.855
39.8,4.088,1.745,1.769,0.869
39.9,4.165,1.783,1.801,0.883
40.0,4.241,1.826,1.834,0.897
40.1,4.317,1.874,1.867,0.912
40.2,4.393,1.926,1.901,0.927
40.3,4.468,1.981,1.934,0.942
40.4,4.542,2.038,1.966,0.957
40.5,4.616,2.098,1.997,0.972
40.6,4.689,2.159,2.026,0.987
40.7,4.762,2.222,2.053,1.001
40.8,4.834,2.285,2.077,1.016
40.9,4.905,2.349,2.098,1.03
41.0,4.975,2.413,2.117,1.044
41.1,5.044,2.477,2.133,1.057
41.2,5.112,2.54,2.147,1.068
41.3,5.179,2.603,2.16,1.079
41.4,5.242,2.662,2.171,1.088
41.5,5.301,2.718,2.181,1.097
41.6,5.357,2.77,2.19,1.104
41.7,5.408,2.82,2.198,1.111
41.8,5.457,2.866,2.205,1.117
41.9,5.502,2.91,2.212,1.123
42.0,5.544,2.951,2.218,1.129
42.1,5.583,2.989,2.224,1.134
42.2,5.62,3.024,2.229,1.139
42.3,5.653,3.057,2.234,1.144
42.4,5.684,3.087,2.238,1.148
42.5,5.713,3.114,2.241,1.152
42.6,5.739,3.14,2.245,1.155
42.7,5.764,3.164,2.248,1.158
42.8,5.787,3.185,2.251,1.161
42.9,5.808,3.205,2.254,1.163
43.0,5.828,3.224,2.257,1.166
43.1,5.847,3.241,2.26,1.168
43.2,5.864,3.256,2.263,1.171
43.3,5.879,3.271,2.266,1.173
43.4,5.894,3.284,2.268,1.175
43.5,5.908,3.296,2.271,1.177
43.6,5.92,3.309,2.273,1.179
43.7,5.932,3.321,2.275,1.18
43.8,5.944,3.333,2.277,1.182
43.9,5.954,3.345,2.279,1.183
44.0,5.964,3.356,2.279,1.184
44.1,5.967,3.366,2.28,1.185
44.2,5.96,3.376,2.279,1.185
44.3,5.944,3.384,2.278,1.185
44.4,5.92,3.391,2.275,1.185
44.5,5.888,3.395,2.272,1.185
44.6,5.85,3.398,2.268,1.185
44.7,5.806,3.399,2.264,1.185
44.8,5.756,3.399,2.261,1.185
44.9,5.701,3.401,2.259,1.185
45.0,5.642,3.402,2.259,1.185
45.1,5.579,3.404,2.26,1.185
45.2,5.513,3.406,2.262,1.185
45.3,5.443,3.408,2.264,1.185
45.4,5.371,3.41,2.268,1.185
45.5,5.296,3.413,2.272,1.186
45.6,5.219,3.416,2.277,1.187
45.7,5.14,3.419,2.282,1.189
45.8,5.06,3.422,2.288,1.191
45.9,4.978,3.425,2.292,1.195
46.0,4.895,3.428,2.296,1.198
46.1,4.81,3.431,2.298,1.201
46.2,4.725,3.434,2.3,1.204
46.3,4.729,3.437,2.301,1.206
46.4,4.734,3.44,2.301,1.207
46.5,4.738,3.444,2.301,1.207
46.6,4.742,3.448,2.301,1.207
46.7,4.746,3.452,2.301,1.206
46.8,4.75,3.457,2.3,1.204
46.9,4.753,3.462,2.3,1.202
47.0,4.755,3.467,2.3,1.202
47.1,4.755,3.472,2.3,1.202
47.2,4.753,3.477,2.3,1.203
47.3,4.751,3.481,2.3,1.203
47.4,4.747,3.484,2.3,1.203
47.5,4.742,3.486,2.3,1.203
47.6,4.737,3.488,2.3,1.203
47.7,4.732,3.489,2.3,1.203
47.8,4.727,3.49,2.3,1.202
47.9,4.722,3.49,2.299,1.201
48.0,4.718,3.489,2.298,1.2
48.1,4.714,3.489,2.297,1.201
48.2,4.713,3.488,2.295,1.201
48.3,4.711,3.485,2.29,1.201
48.4,4.709,3.48,2.284,1.201
48.5,4.706,3.475,2.278,1.201
48.6,4.704,3.47,2.273,1.2
48.7,4.701,3.465,2.269,1.199
48.8,4.699,3.461,2.265,1.197
48.9,4.697,3.457,2.264,1.196
49.0,4.694,3.453,2.263,1.196
49.1,4.692,3.449,2.265,1.196
49.2,4.69,3.446,2.268,1.196
49.3,4.687,3.443,2.272,1.197
49.4,4.686,3.44,2.275,1.198
49.5,4.685,3.437,2.279,1.198
49.6,4.685,3.433,2.282,1.199
49.7,4.687,3.429,2.284,1.2
49.8,4.689,3.424,2.286,1.2
49.9,4.693,3.42,2.287,1.201
50.0,4.698,3.415,2.288,1.201
50.1,4.705,3.411,2.288,1.201
50.2,4.714,3.407,2.287,1.202
50.3,4.725,3.408,2.289,1.202
50.4,4.739,3.413,2.291,1.202
50.5,4.752,3.419,2.294,1.203
50.6,4.764,3.426,2.297,1.203
50.7,4.776,3.434,2.301,1.203
50.8,4.787,3.441,2.304,1.203
50.9,4.797,3.448,2.307,1.203
51.0,4.807,3.455,2.31,1.204
51.1,4.817,3.461,2.313,1.204
51.2,4.825,3.467,2.316,1.204
51.3,4.834,3.472,2.319,1.204
51.4,4.841,3.477,2.321,1.205
51.5,4.848,3.481,2.324,1.205
51.6,4.855,3.486,2.326,1.205
51.7,4.861,3.489,2.328,1.205
51.8,4.867,3.493,2.33,1.205
51.9,4.872,3.496,2.332,1.205
52.0,4.877,3.499,2.334,1.205
52.1,4.881,3.502,2.336,1.205
52.2,4.886,3.506,2.339,1.205
52.3,4.889,3.509,2.342,1.204
52.4,4.893,3.513,2.345,1.203
52.5,4.896,3.516,2.348,1.202
52.6,4.899,3.519,2.351,1.2
52.7,4.902,3.522,2.353,1.199
52.8,4.905,3.524,2.356,1.197
52.9,4.907,3.526,2.358,1.196
53.0,4.909,3.527,2.36,1.195
53.1,4.911,3.528,2.362,1.194
53.2,4.913,3.53,2.365,1.195
53.3,4.914,3.532,2.368,1.196
53.4,4.916,3.534,2.369,1.198
53.5,4.918,3.536,2.371,1.201
53.6,4.921,3.538,2.371,1.202
53.7,4.923,3.541,2.371,1.204
53.8,4.925,3.544,2.372,1.204
53.9,4.928,3.547,2.372,1.204
54.0,4.93,3.55,2.371,1.204
54.1,4.933,3.554,2.371,1.203
54.2,4.936,3.557,2.37,1.202
54.3,4.939,3.56,2.37,1.201
54.4,4.942,3.563,2.371,1.201
54.5,4.945,3.565,2.372,1.201
54.6,4.946,3.566,2.373,1.201
54.7,4.947,3.566,2.374,1.201
54.8,4.947,3.566,2.375,1.201
54.9,4.946,3.565,2.375,1.202
55.0,4.946,3.564,2.376,1.202
55.1,4.946,3.563,2.376,1.202
55.2,4.946,3.563,2.376,1.202
55.3,4.946,3.563,2.376,1.203
55.4,4.947,3.563,2.376,1.203
55.5,4.95,3.565,2.376,1.203
55.6,4.953,3.569,2.376,1.204
55.7,4.956,3.572,2.376,1.204
55.8,4.959,3.574,2.376,1.205
55.9,4.961,3.576,2.376,1.205
56.0,4.962,3.577,2.377,1.205
56.1,4.963,3.578,2.379,1.204
56.2,4.964,3.579,2.38,1.204
56.3,4.965,3.579,2.382,1.202
56.4,4.965,3.579,2.384,1.201
56.5,4.965,3.578,2.387,1.2
56.6,4.965,3.577,2.389,1.2
56.7,4.965,3.576,2.392,1.2
56.8,4.965,3.576,2.395,1.2
56.9,4.965,3.576,2.397,1.2
57.0,4.965,3.576,2.399,1.201
57.1,4.966,3.576,2.4,1.202
57.2,4.967,3.577,2.402,1.204
57.3,4.968,3.578,2.403,1.204
57.4,4.969,3.579,2.403,1.205
57.5,4.971,3.58,2.404,1.205
57.6,4.973,3.582,2.404,1.205
57.7,4.976,3.585,2.404,1.204
57.8,4.979,3.588,2.404,1.204
57.9,4.983,3.593,2.404,1.204
58.0,4.987,3.597,2.404,1.204
58.1,4.989,3.6,2.404,1.205
58.2,4.991,3.602,2.404,1.205
58.3,4.992,3.604,2.404,1.205
58.4,4.993,3.605,2.404,1.205
58.5,4.993,3.606,2.403,1.205
58.6,4.994,3.606,2.403,1.204
58.7,4.994,3.606,2.402,1.203
58.8,4.993,3.605,2.402,1.202
58.9,4.993,3.604,2.401,1.201
59.0,4.993,3.603,2.401,1.201
59.1,4.993,3.603,2.401,1.201
59.2,4.993,3.603,2.401,1.202
59.3,4.994,3.603,2.402,1.203
59.4,4.994,3.603,2.402,1.204
59.5,4.994,3.603,2.402,1.205
59.6,4.994,3.603,2.402,1.205
59.7,4.994,3.603,2.401,1.204
59.8,4.994,3.603,2.401,1.204
59.9,4.994,3.602,2.4,1.203
60.0,4.994,3.601,2.4,1.202
60.1,4.994,3.599,2.399,1.202
60.2,4.994,3.597,2.4,1.202
60.3,4.994,3.597,2.401,1.203
60.4,4.994,3.596,2.402,1.203
60.5,4.994,3.595,2.403,1.203
60.6,4.994,3.594,2.405,1.203
60.7,4.994,3.594,2.405,1.204
60.8,4.994,3.594,2.406,1.204
60.9,4.994,3.594,2.407,1.203
61.0,4.995,3.594,2.407,1.203
61.1,4.996,3.595,2.407,1.203
61.2,4.997,3.597,2.407,1.203
61.3,4.999,3.599,2.407,1.203
61.4,5.002,3.601,2.407,1.203
61.5,5.004,3.604,2.406,1.203
61.6,5.006,3.606,2.406,1.204
61.7,5.007,3.607,2.406,1.204
61.8,5.008,3.608,2.406,1.205
61.9,5.009,3.609,2.407,1.204
62.0,5.01,3.61,2.408,1.204
62.1,5.01,3.61,2.409,1.203
62.2,5.01,3.61,2.41,1.202
62.3,5.01,3.61,2.411,1.2
62.4,5.01,3.61,2.413,1.199
62.5,5.01,3.61,2.415,1.199
62.6,5.01,3.61,2.418,1.199
62.7,5.01,3.61,2.421,1.2
62.8,5.01,3.61,2.423,1.201
62.9,5.011,3.61,2.425,1.202
63.0,5.011,3.61,2.426,1.203
63.1,5.011,3.61,2.427,1.204
63.2,5.008,3.609,2.428,1.205
63.3,4.996,3.61,2.428,1.205
63.4,4.975,3.611,2.428,1.205
63.5,4.947,3.612,2.428,1.205
63.6,4.913,3.615,2.428,1.204
63.7,4.873,3.618,2.427,1.204
63.8,4.828,3.621,2.426,1.204
63.9,4.777,3.624,2.426,1.204
64.0,4.72,3.625,2.426,1.204
64.1,4.659,3.621,2.42,1.204
64.2,4.594,3.611,2.409,1.204
64.3,4.525,3.596,2.393,1.204
64.4,4.452,3.576,2.373,1.204
64.5,4.377,3.551,2.348,1.204
64.6,4.299,3.522,2.319,1.204
64.7,4.219,3.488,2.285,1.204
64.8,4.136,3.451,2.248,1.2
64.9,4.053,3.41,2.207,1.195
65.0,3.967,3.365,2.162,1.186
65.1,3.881,3.318,2.115,1.176
65.2,3.794,3.267,2.066,1.164
65.3,3.704,3.213,2.015,1.15
65.4,3.705,3.163,1.97,1.135
65.5,3.705,3.117,1.931,1.119
65.6,3.705,3.076,1.897,1.103
65.7,3.702,3.038,1.868,1.087
65.8,3.698,3.004,1.845,1.071
65.9,3.691,2.974,1.826,1.055
66.0,3.681,2.946,1.811,1.041
66.1,3.667,2.921,1.801,1.028
66.2,3.65,2.899,1.794,1.016
66.3,3.629,2.879,1.791,1.006
66.4,3.604,2.862,1.791,0.998
66.5,3.576,2.846,1.793,0.991
66.6,3.544,2.832,1.796,0.985
66.7,3.509,2.82,1.8,0.98
66.8,3.47,2.81,1.805,0.975
66.9,3.429,2.802,1.811,0.972
67.0,3.385,2.797,1.819,0.97
67.1,3.339,2.793,1.827,0.969
67.2,3.291,2.791,1.836,0.968
67.3,3.244,2.793,1.847,0.969
67.4,3.197,2.8,1.86,0.971
67.5,3.152,2.809,1.875,0.973
67.6,3.111,2.822,1.891,0.977
67.7,3.07,2.834,1.906,0.981
67.8,3.031,2.843,1.919,0.986
67.9,2.994,2.851,1.931,0.991
68.0,2.96,2.857,1.941,0.996
68.1,2.93,2.862,1.949,1.0
68.2,2.903,2.865,1.956,1.004
68.3,2.881,2.867,1.961,1.008
68.4,2.864,2.868,1.965,1.011
68.5,2.853,2.867,1.969,1.015
68.6,2.847,2.865,1.971,1.018
68.7,2.847,2.861,1.972,1.021
68.8,2.854,2.854,1.972,1.024
68.9,2.866,2.845,1.97,1.027
69.0,2.884,2.831,1.964,1.03
69.1,2.909,2.813,1.957,1.033
69.2,2.938,2.792,1.947,1.035
69.3,2.974,2.767,1.933,1.035
69.4,3.015,2.74,1.917,1.035
69.5,3.061,2.711,1.9,1.034
69.6,3.113,2.68,1.882,1.032
69.7,3.17,2.649,1.863,1.03
69.8,3.231,2.618,1.845,1.027
69.9,3.296,2.588,1.828,1.023
70.0,3.365,2.563,1.817,1.019
70.1,3.438,2.545,1.812,1.014
70.2,3.514,2.534,1.812,1.009
70.3,3.593,2.528,1.818,1.005
70.4,3.671,2.527,1.83,1.002
70.5,3.748,2.529,1.847,1.0
70.6,3.826,2.536,1.868,1.001
70.7,3.903,2.547,1.893,1.004
70.8,3.979,2.561,1.922,1.009
70.9,4.055,2.58,1.953,1.017
71.0,4.13,2.602,1.983,1.028
71.1,4.205,2.628,2.011,1.039
71.2,4.28,2.66,2.039,1.051
71.3,4.353,2.696,2.063,1.063
71.4,4.426,2.734,2.085,1.073
71.5,4.498,2.774,2.104,1.083
71.6,4.57,2.817,2.119,1.091
71.7,4.64,2.862,2.133,1.098
71.8,4.709,2.908,2.144,1.104
71.9,4.777,2.956,2.154,1.109
72.0,4.844,3.005,2.162,1.113
72.1,4.908,3.054,2.169,1.117
72.2,4.966,3.1,2.175,1.12
72.3,5.018,3.141,2.181,1.123
72.4,5.063,3.177,2.187,1.127
72.5,5.102,3.211,2.194,1.13
72.6,5.134,3.24,2.201,1.133
72.7,5.162,3.267,2.207,1.137
72.8,5.184,3.289,2.214,1.14
72.9,5.202,3.307,2.219,1.143
73.0,5.217,3.322,2.225,1.146
73.1,5.229,3.334,2.23,1.149
73.2,5.239,3.344,2.235,1.152
73.3,5.247,3.352,2.239,1.154
73.4,5.254,3.36,2.243,1.157
73.5,5.261,3.367,2.247,1.16
73.6,5.268,3.374,2.25,1.162
73.7,5.274,3.381,2.253,1.164
73.8,5.28,3.387,2.256,1.167
73.9,5.285,3.393,2.259,1.169
74.0,5.29,3.4,2.262,1.171
74.1,5.295,3.406,2.264,1.172
74.2,5.3,3.412,2.266,1.174
74.3,5.304,3.417,2.268,1.175
74.4,5.308,3.421,2.269,1.177
74.5,5.312,3.424,2.269,1.178
74.6,5.316,3.427,2.269,1.179
74.7,5.319,3.428,2.269,1.18
74.8,5.323,3.428,2.268,1.181
74.9,5.326,3.428,2.266,1.182
75.0,5.33,3.426,2.263,1.183
75.1,5.333,3.422,2.259,1.184
75.2,5.336,3.42,2.257,1.185
75.3,5.34,3.418,2.256,1.185
75.4,5.343,3.418,2.256,1.186
75.5,5.347,3.418,2.258,1.185
75.6,5.351,3.419,2.26,1.185
75.7,5.355,3.421,2.264,1.185
75.8,5.359,3.424,2.268,1.184
75.9,5.364,3.427,2.273,1.184
76.0,5.367,3.43,2.279,1.185
76.1,5.371,3.432,2.285,1.186
76.2,5.374,3.435,2.29,1.187
76.3,5.377,3.438,2.294,1.189
76.4,5.381,3.441,2.297,1.192
76.5,5.384,3.444,2.299,1.194
76.6,5.388,3.447,2.299,1.196
76.7,5.393,3.451,2.299,1.198
76.8,5.397,3.454,2.298,1.199
76.9,5.402,3.458,2.296,1.2
77.0,5.407,3.462,2.294,1.2
77.1,5.412,3.465,2.292,1.199
77.2,5.418,3.468,2.29,1.198
77.3,5.424,3.472,2.289,1.198
77.4,5.429,3.473,2.29,1.198
77.5,5.433,3.475,2.291,1.198
77.6,5.436,3.476,2.293,1.199
77.7,5.438,3.476,2.295,1.199
77.8,5.439,3.477,2.297,1.199
77.9,5.439,3.477,2.299,1.199
78.0,5.44,3.477,2.301,1.199
78.1,5.44,3.478,2.302,1.199
78.2,5.44,3.478,2.303,1.2
78.3,5.44,3.479,2.302,1.2
78.4,5.441,3.48,2.302,1.2
78.5,5.442,3.482,2.3,1.2
78.6,5.444,3.484,2.298,1.201
78.7,5.446,3.486,2.296,1.201
78.8,5.448,3.488,2.295,1.201
78.9,5.449,3.489,2.294,1.201
79.0,5.45,3.49,2.293,1.201
79.1,5.451,3.491,2.293,1.2
79.2,5.451,3.492,2.294,1.199
79.3,5.452,3.492,2.294,1.198
79.4,5.452,3.493,2.296,1.197
79.5,5.452,3.493,2.298,1.196
79.6,5.452,3.493,2.301,1.196
79.7,5.452,3.493,2.304,1.196
79.8,5.452,3.493,2.306,1.197
79.9,5.452,3.494,2.308,1.198
80.0,5.453,3.494,2.31,1.199
80.1,5.453,3.494,2.311,1.2
80.2,5.454,3.494,2.311,1.201
80.3,5.455,3.495,2.311,1.202
80.4,5.456,3.495,2.31,1.203
80.5,5.458,3.496,2.309,1.203
80.6,5.46,3.497,2.308,1.203
80.7,5.462,3.498,2.307,1.202
80.8,5.465,3.5,2.306,1.202
80.9,5.469,3.501,2.306,1.201
81.0,5.471,3.501,2.306,1.201
81.1,5.473,3.501,2.307,1.201
81.2,5.475,3.501,2.309,1.201
81.3,5.476,3.501,2.31,1.201
81.4,5.476,3.501,2.312,1.201
81.5,5.476,3.501,2.313,1.202
81.6,5.476,3.501,2.314,1.202
81.7,5.476,3.501,2.315,1.202
81.8,5.476,3.501,2.315,1.202
81.9,5.476,3.502,2.314,1.202
82.0,5.476,3.502,2.313,1.202
82.1,5.477,3.503,2.312,1.202
82.2,5.478,3.504,2.309,1.202
82.3,5.479,3.504,2.307,1.203
82.4,5.48,3.504,2.305,1.203
82.5,5.48,3.504,2.304,1.203
82.6,5.481,3.504,2.303,1.203
82.7,5.481,3.504,2.303,1.202
82.8,5.481,3.504,2.304,1.201
82.9,5.481,3.504,2.305,1.2
83.0,5.481,3.504,2.307,1.199
83.1,5.481,3.504,2.309,1.197
83.2,5.481,3.504,2.312,1.196
83.3,5.481,3.504,2.316,1.196
83.4,5.481,3.504,2.32,1.196
83.5,5.481,3.504,2.323,1.197
83.6,5.482,3.504,2.325,1.199
83.7,5.482,3.504,2.327,1.2
83.8,5.483,3.505,2.328,1.202
83.9,5.484,3.505,2.328,1.203
84.0,5.485,3.506,2.327,1.204
84.1,5.479,3.507,2.326,1.204
84.2,5.465,3.508,2.324,1.204
84.3,5.442,3.509,2.322,1.204
84.4,5.412,3.51,2.32,1.204
84.5,5.377,3.511,2.318,1.203
84.6,5.335,3.512,2.317,1.203
84.7,5.287,3.513,2.318,1.203
84.8,5.234,3.513,2.318,1.203
84.9,5.175,3.513,2.319,1.203
85.0,5.112,3.513,2.32,1.203
85.1,5.044,3.513,2.321,1.203
85.2,4.974,3.513,2.322,1.203
85.3,4.9,3.513,2.323,1.203
85.4,4.823,3.513,2.323,1.203
85.5,4.744,3.514,2.323,1.203
85.6,4.663,3.514,2.323,1.203
85.7,4.581,3.514,2.321,1.203
85.8,4.497,3.507,2.311,1.203
85.9,4.412,3.493,2.295,1.204
86.0,4.325,3.472,2.272,1.203
86.1,4.237,3.445,2.244,1.2
86.2,4.147,3.412,2.21,1.194
86.3,4.147,3.38,2.178,1.187
86.4,4.147,3.349,2.15,1.178
86.5,4.146,3.32,2.124,1.169
86.6,4.144,3.292,2.102,1.159
86.7,4.138,3.265,2.083,1.15
86.8,4.13,3.239,2.067,1.141
86.9,4.118,3.218,2.057,1.133
87.0,4.103,3.199,2.05,1.125
87.1,4.083,3.183,2.047,1.12
87.2,4.059,3.168,2.044,1.115
87.3,4.032,3.155,2.04,1.11
87.4,4.003,3.142,2.036,1.105
87.5,3.971,3.128,2.032,1.1
87.6,3.939,3.115,2.028,1.095
87.7,3.905,3.103,2.024,1.09
87.8,3.872,3.092,2.02,1.085
87.9,3.841,3.082,2.017,1.081
88.0,3.81,3.074,2.013,1.076
88.1,3.782,3.068,2.011,1.071
88.2,3.758,3.063,2.009,1.067
88.3,3.736,3.061,2.007,1.063
88.4,3.716,3.06,2.006,1.06
88.5,3.697,3.059,2.006,1.057
88.6,3.679,3.057,2.007,1.055
88.7,3.662,3.056,2.007,1.053
88.8,3.648,3.055,2.008,1.052
88.9,3.636,3.052,2.007,1.051
89.0,3.625,3.05,2.008,1.05
89.1,3.617,3.048,2.008,1.05
89.2,3.612,3.046,2.008,1.049
89.3,3.608,3.044,2.008,1.049
89.4,3.607,3.041,2.007,1.049
89.5,3.608,3.039,2.006,1.049
89.6,3.611,3.036,2.005,1.049
89.7,3.615,3.034,2.004,1.049
89.8,3.622,3.031,2.003,1.049
89.9,3.631,3.027,2.003,1.049
90.0,3.641,3.024,2.003,1.049
90.1,3.654,3.02,2.004,1.049
90.2,3.668,3.014,2.004,1.05
90.3,3.683,3.007,2.004,1.05
90.4,3.701,2.999,2.005,1.052
90.5,3.719,2.99,2.006,1.054
90.6,3.739,2.98,2.009,1.056
90.7,3.76,2.969,2.012,1.06
90.8,3.782,2.957,2.015,1.064
90.9,3.807,2.945,2.018,1.067
91.0,3.833,2.933,2.02,1.071
91.1,3.862,2.921,2.023,1.075
91.2,3.893,2.91,2.024,1.078
91.3,3.927,2.902,2.028,1.081
91.4,3.962,2.897,2.033,1.084
91.5,3.999,2.896,2.041,1.087
91.6,4.038,2.898,2.049,1.091
91.7,4.079,2.903,2.06,1.094
91.8,4.122,2.913,2.072,1.098
91.9,4.166,2.926,2.085,1.103
92.0,4.208,2.946,2.104,1.108
92.1,4.249,2.972,2.125,1.114
92.2,4.288,3.002,2.148,1.12
92.3,4.326,3.033,2.17,1.126
92.4,4.362,3.064,2.19,1.134
92.5,4.397,3.096,2.206,1.142
92.6,4.431,3.128,2.22,1.15
92.7,4.457,3.159,2.231,1.157
92.8,4.472,3.189,2.238,1.162
92.9,4.477,3.217,2.244,1.166
93.0,4.474,3.245,2.246,1.168
93.1,4.462,3.27,2.247,1.168
93.2,4.443,3.294,2.246,1.168
93.3,4.417,3.315,2.244,1.167
93.4,4.384,3.331,2.239,1.166
93.5,4.345,3.341,2.231,1.167
93.6,4.299,3.343,2.219,1.168
93.7,4.247,3.339,2.203,1.167
93.8,4.189,3.328,2.183,1.165
93.9,4.125,3.311,2.159,1.162
94.0,4.057,3.288,2.133,1.157
94.1,3.985,3.261,2.103,1.151
94.2,3.91,3.228,2.07,1.142
94.3,3.831,3.191,2.035,1.132
94.4,3.751,3.151,1.998,1.12
94.5,3.669,3.107,1.959,1.107
94.6,3.586,3.061,1.919,1.093
94.7,3.502,3.014,1.877,1.077
94.8,3.418,2.963,1.834,1.06
94.9,3.423,2.917,1.796,1.043
95.0,3.428,2.875,1.764,1.025
95.1,3.433,2.837,1.737,1.008
95.2,3.435,2.803,1.713,0.991
95.3,3.436,2.771,1.694,0.975
95.4,3.434,2.743,1.678,0.96
95.5,3.429,2.717,1.664,0.947
95.6,3.42,2.694,1.654,0.934
95.7,3.406,2.674,1.645,0.923
95.8,3.388,2.657,1.64,0.913
95.9,3.364,2.643,1.636,0.904
96.0,3.334,2.632,1.635,0.896
96.1,3.299,2.625,1.637,0.89
96.2,3.257,2.621,1.643,0.885
96.3,3.21,2.622,1.65,0.882
96.4,3.157,2.625,1.659,0.879
96.5,3.098,2.63,1.669,0.877
96.6,3.034,2.645,1.688,0.877
96.7,2.965,2.657,1.704,0.877
96.8,2.891,2.667,1.718,0.879
96.9,2.813,2.674,1.729,0.881
97.0,2.731,2.676,1.738,0.883
97.1,2.646,2.675,1.744,0.886
97.2,2.562,2.669,1.748,0.89
97.3,2.478,2.66,1.75,0.893
97.4,2.396,2.649,1.75,0.896
97.5,2.319,2.635,1.749,0.898
97.6,2.247,2.617,1.744,0.9
97.7,2.181,2.595,1.736,0.9
97.8,2.124,2.569,1.725,0.9
97.9,2.077,2.54,1.711,0.899
98.0,2.041,2.508,1.695,0.895
98.1,2.017,2.474,1.677,0.89
98.2,2.006,2.44,1.658,0.883
98.3,2.008,2.406,1.639,0.875
98.4,2.025,2.373,1.621,0.866
98.5,2.05,2.339,1.605,0.857
98.6,2.083,2.304,1.59,0.849
98.7,2.125,2.268,1.579,0.841
98.8,2.175,2.234,1.571,0.835
98.9,2.233,2.2,1.566,0.832
99.0,2.298,2.168,1.562,0.828
99.1,2.37,2.137,1.559,0.825
99.2,2.447,2.109,1.556,0.822
99.3,2.53,2.084,1.553,0.819
99.4,2.619,2.061,1.55,0.817
99.5,2.711,2.041,1.546,0.814
99.6,2.808,2.025,1.542,0.812
99.7,2.908,2.015,1.541,0.811
99.8,3.011,2.013,1.543,0.809
99.9,3.116,2.017,1.548,0.809
100.0,3.224,2.029,1.555,0.81
100.1,3.334,2.049,1.564,0.811
100.2,3.446,2.074,1.576,0.814
100.3,3.555,2.102,1.59,0.817
100.4,3.662,2.131,1.606,0.821
100.5,3.765,2.161,1.623,0.827
100.6,3.864,2.191,1.642,0.834
100.7,3.96,2.225,1.663,0.841
100.8,4.052,2.261,1.688,0.85
100.9,4.139,2.3,1.715,0.86
101.0,4.223,2.341,1.744,0.871
101.1,4.303,2.383,1.773,0.883
101.2,4.38,2.427,1.803,0.896
101.3,4.453,2.472,1.834,0.909
101.4,4.523,2.517,1.864,0.922
101.5,4.591,2.563,1.893,0.935
101.6,4.655,2.61,1.921,0.948
101.7,4.716,2.657,1.949,0.962
101.8,4.775,2.704,1.975,0.975
101.9,4.831,2.751,2.0,0.989
102.0,4.884,2.797,2.023,1.002
102.1,4.934,2.843,2.044,1.015
102.2,4.981,2.887,2.064,1.027
102.3,5.026,2.93,2.082,1.038
102.4,5.068,2.97,2.098,1.049
102.5,5.107,3.009,2.113,1.058
102.6,5.142,3.045,2.126,1.067
102.7,5.175,3.078,2.137,1.075
102.8,5.205,3.109,2.147,1.083
102.9,5.232,3.136,2.157,1.09
103.0,5.257,3.162,2.166,1.097
103.1,5.279,3.185,2.173,1.103
103.2,5.299,3.205,2.181,1.109
103.3,5.318,3.224,2.187,1.114
103.4,5.334,3.24,2.193,1.119
103.5,5.349,3.254,2.199,1.124
103.6,5.363,3.267,2.204,1.128
103.7,5.375,3.278,2.209,1.132
103.8,5.386,3.288,2.214,1.136
103.9,5.397,3.297,2.219,1.139
104.0,5.407,3.306,2.223,1.143
104.1,5.416,3.315,2.228,1.146
104.2,5.425,3.323,2.232,1.149
104.3,5.434,3.33,2.236,1.152
104.4,5.442,3.338,2.24,1.155
104.5,5.45,3.345,2.244,1.157
104.6,5.458,3.352,2.247,1.16
104.7,5.466,3.359,2.251,1.162
104.8,5.473,3.366,2.254,1.164
104.9,5.48,3.373,2.258,1.167
105.0,5.487,3.38,2.261,1.169
105.1,5.494,3.387,2.264,1.171
105.2,5.5,3.394,2.266,1.173
105.3,5.506,3.4,2.269,1.175
105.4,5.511,3.406,2.271,1.177
105.5,5.516,3.412,2.274,1.178
105.6,5.521,3.418,2.276,1.18
105.7,5.526,3.423,2.277,1.181
105.8,5.53,3.428,2.279,1.182
105.9,5.534,3.433,2.281,1.184
106.0,5.538,3.437,2.282,1.185
106.1,5.541,3.442,2.283,1.186
106.2,5.544,3.446,2.285,1.187
106.3,5.548,3.449,2.286,1.188
106.4,5.55,3.453,2.287,1.189
106.5,5.553,3.456,2.288,1.189
106.6,5.556,3.459,2.288,1.19
106.7,5.559,3.461,2.289,1.191
106.8,5.561,3.462,2.289,1.191
106.9,5.563,3.463,2.288,1.192
107.0,5.566,3.462,2.286,1.192
107.1,5.568,3.46,2.283,1.192
107.2,5.571,3.457,2.279,1.192
107.3,5.573,3.452,2.274,1.192
107.4,5.576,3.446,2.269,1.191
107.5,5.569,3.439,2.262,1.191
107.6,5.552,3.43,2.256,1.19
107.7,5.528,3.42,2.248,1.19
107.8,5.496,3.411,2.243,1.189
107.9,5.458,3.404,2.239,1.189
108.0,5.414,3.398,2.237,1.188
108.1,5.365,3.393,2.237,1.187
108.2,5.311,3.389,2.238,1.186
108.3,5.253,3.387,2.241,1.184
108.4,5.19,3.386,2.245,1.183
108.5,5.125,3.386,2.25,1.182
108.6,5.056,3.386,2.257,1.181
108.7,4.985,3.388,2.265,1.181
108.8,4.911,3.391,2.274,1.182
108.9,4.834,3.395,2.283,1.185
109.0,4.756,3.4,2.291,1.189
109.1,4.676,3.406,2.297,1.193
109.2,4.595,3.413,2.301,1.197
109.3,4.512,3.419,2.303,1.199
109.4,4.427,3.426,2.303,1.201
109.5,4.342,3.429,2.297,1.202
109.6,4.345,3.431,2.29,1.203
109.7,4.349,3.434,2.283,1.202
109.8,4.352,3.436,2.276,1.201
109.9,4.354,3.436,2.267,1.199
110.0,4.354,3.434,2.257,1.197
110.1,4.351,3.43,2.246,1.194
110.2,4.343,3.421,2.234,1.191
110.3,4.33,3.408,2.221,1.188
110.4,4.311,3.391,2.206,1.183
110.5,4.287,3.371,2.19,1.178
110.6,4.256,3.348,2.174,1.173
110.7,4.22,3.323,2.157,1.167
110.8,4.178,3.298,2.14,1.16
110.9,4.132,3.274,2.125,1.153
111.0,4.082,3.254,2.114,1.147
111.1,4.028,3.24,2.106,1.141
111.2,3.972,3.23,2.099,1.136
111.3,3.912,3.222,2.094,1.131
111.4,3.851,3.216,2.088,1.126
111.5,3.787,3.211,2.082,1.121
111.6,3.722,3.206,2.075,1.115
111.7,3.657,3.201,2.066,1.108
111.8,3.591,3.193,2.055,1.101
111.9,3.526,3.18,2.041,1.094
112.0,3.463,3.163,2.023,1.087
112.1,3.401,3.141,2.003,1.079
112.2,3.341,3.115,1.983,1.072
112.3,3.283,3.085,1.964,1.066
112.4,3.229,3.052,1.943,1.06
112.5,3.18,3.015,1.923,1.052
112.6,3.136,2.975,1.902,1.043
112.7,3.098,2.933,1.882,1.033
112.8,3.068,2.889,1.862,1.024
112.9,3.045,2.844,1.843,1.014
113.0,3.03,2.799,1.825,1.004
113.1,3.025,2.754,1.808,0.996
113.2,3.029,2.715,1.797,0.988
113.3,3.043,2.684,1.79,0.981
113.4,3.067,2.659,1.789,0.976
113.5,3.102,2.644,1.792,0.973
113.6,3.14,2.632,1.8,0.971
113.7,3.182,2.62,1.808,0.972
113.8,3.227,2.608,1.815,0.973
113.9,3.275,2.597,1.821,0.974
114.0,3.327,2.586,1.826,0.975
114.1,3.381,2.577,1.831,0.975
114.2,3.437,2.569,1.836,0.976
114.3,3.496,2.567,1.844,0.977
114.4,3.557,2.572,1.855,0.978
114.5,3.62,2.583,1.869,0.98
114.6,3.684,2.599,1.885,0.983
114.7,3.75,2.621,1.903,0.987
114.8,3.817,2.648,1.922,0.992
114.9,3.884,2.678,1.942,0.998
115.0,3.949,2.71,1.963,1.005
115.1,4.011,2.743,1.983,1.012
115.2,4.07,2.777,2.003,1.021
115.3,4.127,2.811,2.022,1.03
115.4,4.182,2.845,2.039,1.039
115.5,4.234,2.88,2.054,1.048
115.6,4.284,2.914,2.068,1.057
115.7,4.332,2.948,2.081,1.064
115.8,4.378,2.981,2.092,1.071
115.9,4.421,3.014,2.103,1.077
116.0,4.462,3.046,2.112,1.083
116.1,4.5,3.077,2.121,1.087
116.2,4.537,3.107,2.129,1.091
116.3,4.57,3.135,2.137,1.095
116.4,4.601,3.161,2.145,1.099
116.5,4.627,3.185,2.152,1.102
116.6,4.651,3.206,2.159,1.106
116.7,4.671,3.224,2.166,1.11
116.8,4.689,3.241,2.173,1.114
116.9,4.704,3.257,2.18,1.118
117.0,4.717,3.27,2.187,1.122
117.1,4.729,3.283,2.193,1.125
117.2,4.739,3.293,2.2,1.129
117.3,4.748,3.302,2.205,1.132
117.4,4.757,3.311,2.211,1.136
117.5,4.765,3.319,2.216,1.139
117.6,4.774,3.327,2.221,1.142
117.7,4.781,3.335,2.226,1.145
117.8,4.789,3.343,2.231,1.148
117.9,4.796,3.35,2.235,1.151
118.0,4.804,3.356,2.239,1.154
118.1,4.81,3.363,2.242,1.157
118.2,4.817,3.369,2.246,1.159
118.3,4.823,3.375,2.249,1.162
118.4,4.829,3.382,2.253,1.164
118.5,4.835,3.388,2.256,1.166
118.6,4.841,3.393,2.258,1.168
118.7,4.846,3.398,2.261,1.17
118.8,4.851,3.403,2.263,1.172
118.9,4.856,3.408,2.265,1.174
119.0,4.861,3.412,2.266,1.176
119.1,4.866,3.415,2.267,1.178
119.2,4.87,3.417,2.268,1.18
119.3,4.874,3.42,2.269,1.182
119.4,4.878,3.423,2.271,1.183
119.5,4.882,3.426,2.273,1.185
119.6,4.885,3.429,2.276,1.185
119.7,4.889,3.432,2.278,1.186
119.8,4.886,3.435,2.282,1.185
119.9,4.874,3.439,2.285,1.185
120.0,4.853,3.442,2.289,1.185
120.1,4.825,3.445,2.294,1.184
120.2,4.79,3.449,2.298,1.184
120.3,4.748,3.452,2.303,1.185
120.4,4.702,3.455,2.308,1.186
120.5,4.65,3.459,2.312,1.189
120.6,4.594,3.463,2.315,1.191
120.7,4.534,3.464,2.315,1.194
120.8,4.471,3.459,2.309,1.196
120.9,4.404,3.45,2.297,1.198
121.0,4.335,3.436,2.279,1.198
121.1,4.263,3.417,2.257,1.195
121.2,4.189,3.393,2.229,1.19
121.3,4.113,3.366,2.198,1.183
121.4,4.035,3.335,2.163,1.174
121.5,3.956,3.3,2.125,1.163
121.6,3.875,3.263,2.085,1.152
121.7,3.793,3.221,2.042,1.138
121.8,3.708,3.175,1.997,1.123
121.9,3.621,3.126,1.95,1.107
122.0,3.624,3.081,1.909,1.09
122.1,3.626,3.04,1.873,1.072
122.2,3.629,3.002,1.841,1.054
122.3,3.631,2.969,1.817,1.038
122.4,3.632,2.94,1.798,1.022
122.5,3.633,2.915,1.783,1.008
122.6,3.633,2.891,1.77,0.995
122.7,3.632,2.868,1.759,0.983
122.8,3.631,2.847,1.749,0.972
122.9,3.63,2.829,1.741,0.961
123.0,3.627,2.811,1.735,0.952
123.1,3.624,2.795,1.73,0.943
123.2,3.62,2.781,1.728,0.936
123.3,3.615,2.769,1.728,0.931
123.4,3.611,2.76,1.73,0.927
123.5,3.606,2.753,1.734,0.925
123.6,3.603,2.749,1.74,0.923
123.7,3.6,2.748,1.75,0.923
123.8,3.599,2.752,1.764,0.925
123.9,3.599,2.76,1.782,0.928
124.0,3.601,2.773,1.805,0.932
124.1,3.604,2.79,1.831,0.939
124.2,3.61,2.807,1.858,0.947
124.3,3.618,2.825,1.886,0.957
124.4,3.629,2.842,1.914,0.969
124.5,3.642,2.857,1.942,0.981
124.6,3.657,2.871,1.967,0.994
124.7,3.676,2.882,1.989,1.006
124.8,3.697,2.891,2.009,1.018
124.9,3.72,2.899,2.026,1.029
125.0,3.747,2.906,2.042,1.04
125.1,3.776,2.914,2.057,1.051
125.2,3.808,2.922,2.071,1.06
125.3,3.843,2.93,2.084,1.069
125.4,3.881,2.94,2.096,1.077
125.5,3.922,2.95,2.108,1.084
125.6,3.967,2.963,2.119,1.092
125.7,4.014,2.977,2.129,1.1
125.8,4.06,2.99,2.14,1.108
125.9,4.105,3.003,2.149,1.118
126.0,4.15,3.018,2.158,1.127
126.1,4.193,3.036,2.165,1.134
126.2,4.236,3.056,2.172,1.14
126.3,4.278,3.079,2.177,1.145
126.4,4.32,3.103,2.182,1.149
126.5,4.36,3.128,2.186,1.151
126.6,4.399,3.155,2.19,1.153
126.7,4.438,3.182,2.193,1.154
126.8,4.475,3.208,2.195,1.155
126.9,4.512,3.232,2.197,1.155
127.0,4.546,3.255,2.197,1.154
127.1,4.579,3.277,2.198,1.154
127.2,4.606,3.296,2.2,1.154
127.3,4.629,3.312,2.201,1.154
127.4,4.647,3.325,2.203,1.154
127.5,4.662,3.336,2.204,1.154
127.6,4.674,3.344,2.206,1.155
127.7,4.683,3.35,2.208,1.155
127.8,4.691,3.356,2.21,1.156
127.9,4.696,3.36,2.213,1.157
128.0,4.701,3.363,2.215,1.158
128.1,4.705,3.366,2.217,1.16
128.2,4.709,3.369,2.22,1.161
128.3,4.713,3.372,2.223,1.164
128.4,4.718,3.376,2.226,1.167
128.5,4.721,3.38,2.23,1.17
128.6,4.725,3.384,2.234,1.172
128.7,4.729,3.387,2.238,1.174
128.8,4.733,3.391,2.243,1.176
128.9,4.737,3.394,2.248,1.177
129.0,4.741,3.397,2.254,1.178
129.1,4.744,3.401,2.26,1.179
129.2,4.748,3.404,2.266,1.18
129.3,4.752,3.407,2.271,1.181
129.4,4.755,3.41,2.277,1.183
129.5,4.759,3.413,2.283,1.185
129.6,4.763,3.416,2.288,1.187
129.7,4.767,3.419,2.291,1.19
129.8,4.771,3.423,2.294,1.193
129.9,4.776,3.426,2.296,1.195
130.0,4.78,3.43,2.297,1.197
130.1,4.785,3.434,2.297,1.197
130.2,4.79,3.439,2.297,1.198
130.3,4.796,3.444,2.297,1.198
130.4,4.802,3.449,2.296,1.197
130.5,4.809,3.455,2.296,1.197
130.6,4.816,3.461,2.296,1.196
130.7,4.823,3.468,2.296,1.197
130.8,4.829,3.474,2.296,1.198
130.9,4.834,3.479,2.297,1.199
131.0,4.838,3.483,2.296,1.2
131.1,4.841,3.486,2.296,1.2
131.2,4.843,3.488,2.296,1.2
131.3,4.844,3.49,2.297,1.199
131.4,4.845,3.491,2.297,1.199
131.5,4.846,3.491,2.298,1.198
131.6,4.846,3.491,2.298,1.197
131.7,4.846,3.49,2.298,1.197
131.8,4.846,3.49,2.299,1.198
131.9,4.847,3.49,2.3,1.199
132.0,4.847,3.49,2.3,1.199
132.1,4.847,3.49,2.3,1.2
132.2,4.847,3.489,2.3,1.2
132.3,4.847,3.489,2.299,1.2
132.4,4.847,3.489,2.298,1.199
132.5,4.847,3.489,2.298,1.199
132.6,4.848,3.489,2.297,1.198
132.7,4.848,3.49,2.297,1.197
132.8,4.849,3.49,2.297,1.197
132.9,4.85,3.492,2.297,1.198
133.0,4.851,3.493,2.297,1.199
133.1,4.852,3.495,2.298,1.2
133.2,4.853,3.496,2.297,1.201
133.3,4.853,3.496,2.297,1.201
133.4,4.853,3.496,2.297,1.201
133.5,4.853,3.497,2.298,1.201
133.6,4.853,3.497,2.298,1.201
133.7,4.853,3.496,2.298,1.2
133.8,4.853,3.495,2.298,1.199
133.9,4.853,3.493,2.297,1.199
134.0,4.853,3.492,2.298,1.199
134.1,4.854,3.492,2.298,1.2
134.2,4.854,3.491,2.297,1.2
134.3,4.855,3.491,2.297,1.2
134.4,4.855,3.49,2.296,1.2
134.5,4.854,3.49,2.296,1.2
134.6,4.854,3.489,2.295,1.2
134.7,4.854,3.489,2.295,1.199
134.8,4.854,3.489,2.294,1.198
134.9,4.855,3.489,2.294,1.197
135.0,4.855,3.49,2.294,1.196
135.1,4.856,3.491,2.295,1.195
135.2,4.857,3.492,2.295,1.197
135.3,4.847,3.493,2.296,1.198
135.4,4.828,3.494,2.296,1.199
135.5,4.8,3.494,2.295,1.2
135.6,4.765,3.495,2.295,1.2
135.7,4.724,3.495,2.295,1.2
135.8,4.677,3.495,2.296,1.2
135.9,4.624,3.495,2.296,1.199
136.0,4.566,3.492,2.294,1.199
136.1,4.505,3.484,2.287,1.198
136.2,4.44,3.47,2.274,1.196
136.3,4.371,3.452,2.258,1.194
136.4,4.3,3.43,2.237,1.191
136.5,4.226,3.404,2.212,1.186
136.6,4.148,3.374,2.183,1.179
136.7,4.069,3.341,2.151,1.17
136.8,3.988,3.303,2.116,1.159
136.9,3.905,3.262,2.078,1.147
137.0,3.82,3.218,2.037,1.133
137.1,3.735,3.172,1.994,1.118
137.2,3.649,3.122,1.95,1.101
137.3,3.563,3.07,1.904,1.084
137.4,3.567,3.024,1.864,1.066
137.5,3.572,2.983,1.829,1.049
137.6,3.577,2.946,1.8,1.032
137.7,3.58,2.913,1.776,1.017
137.8,3.582,2.884,1.756,1.002
137.9,3.582,2.859,1.741,0.988
138.0,3.579,2.836,1.73,0.976
138.1,3.572,2.817,1.722,0.965
138.2,3.562,2.802,1.717,0.955
138.3,3.548,2.789,1.716,0.947
138.4,3.529,2.779,1.718,0.94
138.5,3.506,2.771,1.722,0.934
138.6,3.478,2.767,1.73,0.93
138.7,3.444,2.765,1.74,0.928
138.8,3.406,2.765,1.754,0.928
138.9,3.364,2.768,1.769,0.928
139.0,3.317,2.773,1.787,0.931
139.1,3.267,2.785,1.811,0.934
139.2,3.214,2.796,1.833,0.938
139.3,3.158,2.804,1.853,0.943
139.4,3.099,2.809,1.87,0.947
139.5,3.04,2.812,1.885,0.951
139.6,2.983,2.811,1.896,0.955
139.7,2.927,2.808,1.904,0.959
139.8,2.875,2.802,1.91,0.963
139.9,2.828,2.794,1.912,0.967
140.0,2.787,2.783,1.912,0.971
140.1,2.749,2.768,1.908,0.975
140.2,2.716,2.75,1.903,0.98
140.3,2.688,2.728,1.893,0.982
140.4,2.665,2.702,1.878,0.983
140.5,2.649,2.673,1.86,0.981
140.6,2.641,2.645,1.842,0.978
140.7,2.639,2.617,1.823,0.973
140.8,2.645,2.592,1.804,0.968
140.9,2.659,2.568,1.786,0.962
141.0,2.681,2.546,1.769,0.955
141.1,2.711,2.527,1.754,0.947
141.2,2.748,2.511,1.739,0.94
141.3,2.792,2.499,1.726,0.932
141.4,2.844,2.489,1.715,0.925
141.5,2.896,2.478,1.705,0.919
141.6,2.951,2.467,1.696,0.913
141.7,3.007,2.455,1.689,0.908
141.8,3.065,2.444,1.685,0.904
141.9,3.125,2.434,1.682,0.9
142.0,3.186,2.426,1.683,0.898
142.1,3.248,2.42,1.686,0.898
142.2,3.312,2.416,1.691,0.898
142.3,3.377,2.414,1.699,0.899
142.4,3.443,2.415,1.708,0.901
142.5,3.51,2.419,1.718,0.904
142.6,3.578,2.426,1.731,0.907
142.7,3.647,2.435,1.744,0.911
142.8,3.716,2.447,1.76,0.915
142.9,3.785,2.461,1.776,0.921
143.0,3.855,2.477,1.794,0.927
143.1,3.925,2.496,1.812,0.934
143.2,3.994,2.516,1.832,0.941
143.3,4.062,2.538,1.851,0.95
143.4,4.13,2.564,1.873,0.959
143.5,4.197,2.594,1.897,0.969
143.6,4.262,2.625,1.922,0.98
143.7,4.325,2.659,1.948,0.992
143.8,4.385,2.695,1.973,1.003
143.9,4.444,2.732,1.997,1.014
144.0,4.501,2.77,2.021,1.024
144.1,4.556,2.808,2.043,1.034
144.2,4.609,2.847,2.064,1.044
144.3,4.66,2.887,2.083,1.053
144.4,4.709,2.926,2.101,1.062
144.5,4.756,2.965,2.118,1.071
144.6,4.8,3.004,2.134,1.08
144.7,4.843,3.041,2.148,1.089
144.8,4.883,3.078,2.161,1.097
144.9,4.92,3.112,2.172,1.105
145.0,4.953,3.143,2.182,1.112
145.1,4.983,3.172,2.191,1.118
145.2,5.01,3.198,2.198,1.123
145.3,5.034,3.222,2.205,1.128
145.4,5.057,3.244,2.211,1.133
145.5,5.076,3.264,2.216,1.136
145.6,5.094,3.282,2.22,1.14
145.7,5.111,3.298,2.225,1.143
145.8,5.125,3.312,2.229,1.147
145.9,5.138,3.325,2.233,1.15
146.0,5.149,3.337,2.237,1.153
146.1,5.159,3.347,2.241,1.155
146.2,5.168,3.356,2.244,1.158
146.3,5.177,3.364,2.248,1.16
146.4,5.184,3.37,2.251,1.162
146.5,5.19,3.377,2.254,1.164
146.6,5.197,3.382,2.256,1.166
146.7,5.203,3.388,2.259,1.168
146.8,5.209,3.393,2.262,1.17
146.9,5.214,3.398,2.264,1.172
147.0,5.22,3.403,2.267,1.174
147.1,5.225,3.408,2.269,1.175
147.2,5.23,3.412,2.271,1.177
147.3,5.235,3.417,2.273,1.179
147.4,5.239,3.421,2.275,1.18
147.5,5.243,3.426,2.276,1.181
147.6,5.248,3.43,2.278,1.182
147.7,5.252,3.434,2.28,1.183
147.8,5.255,3.438,2.281,1.185
147.9,5.259,3.442,2.282,1.185
148.0,5.262,3.446,2.284,1.186
148.1,5.266,3.449,2.285,1.187
148.2,5.269,3.452,2.286,1.188
148.3,5.271,3.455,2.287,1.189
148.4,5.274,3.458,2.288,1.19
148.5,5.276,3.461,2.289,1.19
148.6,5.279,3.463,2.29,1.191
148.7,5.281,3.465,2.29,1.192
148.8,5.283,3.467,2.291,1.192
148.9,5.285,3.469,2.291,1.193
149.0,5.286,3.471,2.292,1.193
149.1,5.288,3.473,2.292,1.194
149.2,5.29,3.474,2.293,1.194
149.3,5.292,3.476,2.293,1.194
149.4,5.293,3.477,2.294,1.195
149.5,5.294,3.479,2.294,1.195
149.6,5.296,3.48,2.295,1.195
149.7,5.297,3.481,2.295,1.196
149.8,5.298,3.483,2.295,1.196
149.9,5.299,3.484,2.296,1.196
150.0,5.301,3.484,2.296,1.197
150.1,5.302,3.485,2.296,1.197
150.2,5.303,3.486,2.296,1.197
150.3,5.304,3.487,2.296,1.197
150.4,5.305,3.487,2.296,1.197
150.5,5.307,3.488,2.296,1.197
150.6,5.308,3.488,2.296,1.198
150.7,5.31,3.489,2.296,1.198
150.8,5.311,3.489,2.297,1.198
150.9,5.311,3.49,2.297,1.198
151.0,5.312,3.491,2.297,1.198
151.1,5.313,3.491,2.297,1.198
151.2,5.313,3.492,2.297,1.199
151.3,5.314,3.492,2.297,1.199
151.4,5.315,3.492,2.297,1.199
151.5,5.316,3.493,2.297,1.199
151.6,5.317,3.493,2.297,1.199
151.7,5.318,3.493,2.297,1.199
151.8,5.319,3.493,2.297,1.199
151.9,5.32,3.493,2.297,1.199
152.0,5.322,3.493,2.297,1.199
152.1,5.323,3.492,2.296,1.199
152.2,5.324,3.49,2.295,1.199
152.3,5.325,3.488,2.294,1.199
152.4,5.325,3.485,2.292,1.199
152.5,5.326,3.482,2.29,1.2
152.6,5.326,3.477,2.287,1.2
152.7,5.327,3.474,2.285,1.2
152.8,5.328,3.471,2.284,1.2
152.9,5.329,3.47,2.283,1.199
153.0,5.33,3.469,2.284,1.198
153.1,5.331,3.468,2.285,1.197
153.2,5.333,3.469,2.288,1.196
153.3,5.334,3.469,2.291,1.194
153.4,5.336,3.471,2.294,1.193
153.5,5.337,3.473,2.298,1.191
153.6,5.338,3.474,2.303,1.191
153.7,5.339,3.475,2.308,1.19
153.8,5.34,3.477,2.314,1.191
153.9,5.341,3.478,2.318,1.193
154.0,5.342,3.48,2.321,1.196
154.1,5.343,3.482,2.322,1.198
154.2,5.344,3.484,2.322,1.2
154.3,5.346,3.486,2.321,1.202
154.4,5.347,3.488,2.32,1.203
154.5,5.349,3.49,2.318,1.204
154.6,5.352,3.492,2.316,1.204
154.7,5.354,3.495,2.314,1.204
154.8,5.356,3.497,2.312,1.203
154.9,5.359,3.5,2.312,1.203
155.0,5.362,3.502,2.313,1.203
155.1,5.364,3.503,2.314,1.203
155.2,5.365,3.503,2.316,1.202
155.3,5.366,3.504,2.319,1.202
155.4,5.366,3.503,2.321,1.202
155.5,5.366,3.502,2.324,1.202
155.6,5.365,3.5,2.326,1.202
155.7,5.365,3.499,2.328,1.202
155.8,5.366,3.498,2.33,1.202
155.9,5.367,3.497,2.331,1.203
156.0,5.369,3.498,2.333,1.203
156.1,5.373,3.5,2.334,1.203
156.2,5.378,3.503,2.335,1.203
156.3,5.383,3.507,2.336,1.203
156.4,5.387,3.51,2.337,1.204
156.5,5.391,3.513,2.338,1.204
156.6,5.394,3.516,2.338,1.204
156.7,5.397,3.52,2.339,1.205
156.8,5.4,3.523,2.339,1.205
156.9,5.403,3.526,2.34,1.205
157.0,5.405,3.529,2.34,1.205
157.1,5.406,3.532,2.34,1.205
157.2,5.408,3.534,2.34,1.204
157.3,5.409,3.536,2.34,1.204
157.4,5.41,3.537,2.34,1.204
157.5,5.41,3.539,2.34,1.204
157.6,5.411,3.54,2.34,1.204
157.7,5.411,3.541,2.341,1.204
157.8,5.411,3.542,2.342,1.204
157.9,5.411,3.542,2.342,1.204
158.0,5.411,3.543,2.342,1.204
158.1,5.411,3.543,2.342,1.204
158.2,5.411,3.543,2.342,1.204
158.3,5.411,3.543,2.342,1.204
158.4,5.412,3.543,2.341,1.204
158.5,5.412,3.543,2.341,1.204
158.6,5.412,3.542,2.341,1.204
158.7,5.412,3.543,2.341,1.204
158.8,5.412,3.543,2.341,1.204
158.9,5.412,3.543,2.341,1.204
159.0,5.412,3.544,2.341,1.204
159.1,5.412,3.544,2.342,1.204
159.2,5.412,3.544,2.342,1.204
159.3,5.413,3.545,2.343,1.204
159.4,5.413,3.545,2.343,1.204
159.5,5.413,3.544,2.343,1.204
159.6,5.414,3.544,2.342,1.204
159.7,5.414,3.543,2.341,1.204
159.8,5.415,3.542,2.339,1.204
159.9,5.416,3.54,2.337,1.204
160.0,5.418,3.537,2.335,1.204
160.1,5.419,3.534,2.331,1.204
160.2,5.419,3.53,2.327,1.204
160.3,5.419,3.525,2.323,1.204
160.4,5.419,3.519,2.317,1.204
160.5,5.42,3.512,2.311,1.204
160.6,5.42,3.506,2.305,1.204
160.7,5.421,3.501,2.301,1.204
160.8,5.421,3.497,2.298,1.204
160.9,5.422,3.495,2.296,1.203
161.0,5.423,3.493,2.295,1.202
161.1,5.424,3.492,2.295,1.201
161.2,5.426,3.492,2.296,1.199
161.3,5.428,3.493,2.299,1.197
161.4,5.43,3.495,2.302,1.196
161.5,5.431,3.496,2.306,1.196
161.6,5.431,3.497,2.311,1.196
161.7,5.432,3.497,2.315,1.196
161.8,5.432,3.498,2.318,1.197
161.9,5.433,3.499,2.321,1.199
162.0,5.433,3.501,2.322,1.201
162.1,5.434,3.502,2.322,1.202
162.2,5.435,3.504,2.322,1.204
162.3,5.436,3.505,2.321,1.205
162.4,5.437,3.507,2.319,1.205
162.5,5.434,3.509,2.318,1.205
162.6,5.422,3.511,2.316,1.205
162.7,5.401,3.513,2.315,1.204
162.8,5.373,3.515,2.315,1.204
162.9,5.337,3.516,2.316,1.204
163.0,5.294,3.516,2.317,1.204
163.1,5.245,3.517,2.319,1.204
163.2,5.191,3.517,2.321,1.204
163.3,5.132,3.516,2.323,1.204
163.4,5.069,3.516,2.324,1.204
163.5,5.002,3.515,2.326,1.204
163.6,4.933,3.514,2.327,1.204
163.7,4.86,3.513,2.328,1.204
163.8,4.786,3.512,2.329,1.204
163.9,4.71,3.513,2.33,1.204
164.0,4.633,3.514,2.33,1.204
164.1,4.556,3.512,2.325,1.205
164.2,4.476,3.503,2.314,1.205
164.3,4.394,3.488,2.296,1.205
164.4,4.31,3.466,2.273,1.202
164.5,4.225,3.44,2.244,1.198
164.6,4.138,3.408,2.21,1.191
164.7,4.141,3.379,2.18,1.182
164.8,4.142,3.353,2.153,1.173
164.9,4.142,3.328,2.13,1.163
165.0,4.139,3.306,2.109,1.153
165.1,4.133,3.286,2.092,1.144
165.2,4.122,3.27,2.078,1.135
165.3,4.106,3.256,2.068,1.126
165.4,4.086,3.244,2.06,1.118
165.5,4.061,3.234,2.055,1.11
165.6,4.031,3.224,2.05,1.104
165.7,3.994,3.215,2.046,1.098
165.8,3.953,3.206,2.043,1.093
165.9,3.906,3.197,2.039,1.088
166.0,3.853,3.187,2.035,1.084
166.1,3.796,3.175,2.029,1.079
166.2,3.733,3.163,2.025,1.075
166.3,3.666,3.152,2.021,1.072
166.4,3.595,3.14,2.018,1.068
166.5,3.52,3.13,2.017,1.066
166.6,3.439,3.119,2.018,1.065
166.7,3.353,3.108,2.019,1.065
166.8,3.263,3.095,2.022,1.066
166.9,3.171,3.082,2.024,1.067
167.0,3.079,3.065,2.024,1.067
167.1,2.989,3.044,2.02,1.067
167.2,2.901,3.019,2.013,1.065
167.3,2.818,2.991,2.003,1.062
167.4,2.74,2.96,1.992,1.058
167.5,2.67,2.927,1.979,1.053
167.6,2.607,2.893,1.964,1.048
167.7,2.554,2.858,1.949,1.042
167.8,2.511,2.823,1.934,1.037
167.9,2.48,2.789,1.918,1.032
168.0,2.461,2.756,1.902,1.027
168.1,2.45,2.721,1.887,1.023
168.2,2.447,2.684,1.872,1.02
168.3,2.454,2.647,1.855,1.016
168.4,2.469,2.608,1.836,1.01
168.5,2.493,2.573,1.818,1.003
168.6,2.526,2.542,1.803,0.996
168.7,2.568,2.515,1.79,0.989
168.8,2.617,2.488,1.775,0.981
168.9,2.675,2.461,1.759,0.974
169.0,2.739,2.436,1.743,0.967
169.1,2.81,2.412,1.727,0.96
169.2,2.887,2.39,1.711,0.952
169.3,2.969,2.37,1.697,0.943
169.4,3.055,2.354,1.684,0.934
169.5,3.146,2.346,1.678,0.926
169.6,3.236,2.341,1.677,0.918
169.7,3.324,2.34,1.682,0.911
169.8,3.412,2.343,1.693,0.907
169.9,3.498,2.351,1.709,0.904
170.0,3.584,2.362,1.728,0.904
170.1,3.668,2.378,1.752,0.907
170.2,3.752,2.397,1.778,0.912
170.3,3.834,2.421,1.807,0.92
170.4,3.916,2.447,1.835,0.929
170.5,3.996,2.478,1.862,0.938
170.6,4.075,2.511,1.887,0.949
170.7,4.153,2.547,1.91,0.961
170.8,4.23,2.585,1.932,0.973
170.9,4.306,2.626,1.952,0.984
171.0,4.38,2.669,1.97,0.995
171.1,4.453,2.714,1.987,1.005
171.2,4.524,2.76,2.002,1.014
171.3,4.593,2.808,2.016,1.022
171.4,4.661,2.855,2.03,1.03
171.5,4.726,2.903,2.042,1.036
171.6,4.788,2.951,2.053,1.042
171.7,4.845,2.995,2.064,1.048
171.8,4.895,3.034,2.075,1.054
171.9,4.939,3.07,2.086,1.06
172.0,4.978,3.101,2.096,1.065
172.1,5.011,3.128,2.106,1.071
172.2,5.04,3.153,2.117,1.077
172.3,5.064,3.175,2.127,1.082
172.4,5.085,3.194,2.137,1.088
172.5,5.103,3.21,2.147,1.093
172.6,5.119,3.224,2.156,1.099
172.7,5.132,3.237,2.164,1.104
172.8,5.144,3.248,2.173,1.109
172.9,5.155,3.259,2.181,1.114
173.0,5.166,3.27,2.189,1.119
173.1,5.177,3.28,2.196,1.124
173.2,5.187,3.29,2.203,1.128
173.3,5.197,3.3,2.209,1.133
173.4,5.207,3.31,2.215,1.137
173.5,5.216,3.319,2.221,1.14
173.6,5.225,3.329,2.226,1.144
173.7,5.233,3.337,2.231,1.148
173.8,5.241,3.346,2.236,1.151
173.9,5.249,3.354,2.24,1.154
174.0,5.256,3.362,2.244,1.157
174.1,5.263,3.37,2.248,1.159
174.2,5.27,3.377,2.251,1.162
174.3,5.276,3.383,2.255,1.164
174.4,5.282,3.39,2.258,1.167
174.5,5.288,3.396,2.261,1.169
174.6,5.293,3.402,2.264,1.172
174.7,5.298,3.407,2.267,1.174
174.8,5.303,3.412,2.27,1.176
174.9,5.308,3.417,2.272,1.178
175.0,5.312,3.421,2.274,1.18
175.1,5.316,3.426,2.276,1.181
175.2,5.32,3.43,2.277,1.182
175.3,5.324,3.433,2.279,1.183
175.4,5.328,3.437,2.28,1.184
175.5,5.332,3.441,2.281,1.185
175.6,5.335,3.444,2.282,1.186
175.7,5.338,3.447,2.284,1.187
175.8,5.341,3.45,2.285,1.188
175.9,5.344,3.453,2.286,1.189
176.0,5.347,3.456,2.287,1.19
176.1,5.35,3.458,2.288,1.191
176.2,5.353,3.46,2.289,1.192
176.3,5.355,3.463,2.29,1.192
176.4,5.358,3.465,2.29,1.193
176.5,5.36,3.466,2.29,1.193
176.6,5.363,3.468,2.29,1.193
176.7,5.365,3.47,2.291,1.194
176.8,5.367,3.471,2.291,1.194
176.9,5.37,3.473,2.291,1.194
177.0,5.372,3.474,2.292,1.194
177.1,5.373,3.475,2.292,1.195
177.2,5.374,3.477,2.292,1.195
177.3,5.376,3.478,2.293,1.196
177.4,5.377,3.479,2.293,1.196
177.5,5.379,3.481,2.294,1.196
177.6,5.38,3.482,2.294,1.197
177.7,5.382,3.483,2.294,1.197
177.8,5.383,3.484,2.295,1.197
177.9,5.384,3.484,2.295,1.197
178.0,5.386,3.485,2.294,1.197
178.1,5.387,3.485,2.294,1.197
178.2,5.389,3.485,2.294,1.197
178.3,5.391,3.486,2.294,1.197
178.4,5.392,3.487,2.294,1.197
178.5,5.394,3.487,2.295,1.198
178.6,5.395,3.488,2.295,1.198
178.7,5.396,3.489,2.295,1.198
178.8,5.397,3.489,2.296,1.198
178.9,5.398,3.49,2.296,1.198
179.0,5.399,3.49,2.296,1.198
179.1,5.401,3.491,2.296,1.198
179.2,5.402,3.491,2.296,1.198
179.3,5.403,3.492,2.296,1.198
179.4,5.405,3.492,2.296,1.199
179.5,5.406,3.492,2.296,1.199
179.6,5.408,3.491,2.296,1.199
179.7,5.409,3.491,2.295,1.199
179.8,5.411,3.489,2.294,1.199
179.9,5.411,3.487,2.293,1.199
180.0,5.412,3.484,2.291,1.199
180.1,5.413,3.481,2.289,1.199
180.2,5.414,3.477,2.286,1.199
180.3,5.415,3.472,2.283,1.199
180.4,5.416,3.468,2.281,1.199
180.5,5.417,3.465,2.28,1.199
180.6,5.418,3.463,2.28,1.199
180.7,5.419,3.462,2.281,1.198
180.8,5.421,3.461,2.283,1.197
180.9,5.422,3.462,2.286,1.195
181.0,5.423,3.463,2.29,1.194
181.1,5.424,3.464,2.294,1.193
181.2,5.426,3.466,2.299,1.191
181.3,5.427,3.468,2.304,1.191
181.4,5.428,3.469,2.31,1.191
181.5,5.428,3.471,2.315,1.192
181.6,5.43,3.474,2.319,1.194
181.7,5.431,3.476,2.322,1.197
181.8,5.432,3.478,2.322,1.2
181.9,5.433,3.481,2.322,1.202
182.0,5.435,3.483,2.32,1.204
182.1,5.436,3.485,2.318,1.206
182.2,5.438,3.487,2.315,1.206
182.3,5.44,3.49,2.313,1.206
182.4,5.442,3.492,2.311,1.205
182.5,5.444,3.494,2.309,1.204
182.6,5.446,3.495,2.309,1.204
182.7,5.449,3.497,2.311,1.203
182.8,5.45,3.498,2.314,1.203
182.9,5.451,3.499,2.317,1.203
183.0,5.451,3.5,2.321,1.203
183.1,5.451,3.499,2.324,1.203
183.2,5.451,3.498,2.327,1.203
183.3,5.451,3.497,2.329,1.203
183.4,5.451,3.495,2.332,1.203
183.5,5.452,3.495,2.334,1.204
183.6,5.455,3.494,2.336,1.204
183.7,5.458,3.495,2.338,1.204
183.8,5.463,3.498,2.339,1.204
183.9,5.47,3.502,2.34,1.205
184.0,5.477,3.506,2.341,1.205
184.1,5.483,3.51,2.341,1.206
184.2,5.488,3.514,2.342,1.206
184.3,5.493,3.519,2.343,1.206
184.4,5.497,3.523,2.343,1.206
184.5,5.501,3.527,2.344,1.206
184.6,5.504,3.531,2.344,1.206
184.7,5.507,3.534,2.344,1.206
184.8,5.51,3.536,2.344,1.206
184.9,5.512,3.539,2.344,1.206
185.0,5.513,3.541,2.344,1.206
185.1,5.514,3.542,2.344,1.205
185.2,5.515,3.543,2.344,1.205
185.3,5.516,3.544,2.344,1.205
185.4,5.516,3.545,2.345,1.205
185.5,5.517,3.545,2.346,1.206
185.6,5.517,3.546,2.347,1.206
185.7,5.517,3.546,2.347,1.206
185.8,5.517,3.546,2.347,1.206
185.9,5.517,3.547,2.347,1.206
186.0,5.517,3.547,2.347,1.206
186.1,5.517,3.547,2.347,1.206
186.2,5.517,3.547,2.347,1.206
186.3,5.517,3.547,2.347,1.206
186.4,5.517,3.547,2.347,1.206
186.5,5.517,3.547,2.347,1.206
186.6,5.517,3.548,2.347,1.206
186.7,5.518,3.549,2.347,1.206
186.8,5.518,3.549,2.347,1.206
186.9,5.518,3.55,2.348,1.206
187.0,5.518,3.55,2.348,1.206
187.1,5.518,3.55,2.348,1.206
187.2,5.518,3.55,2.348,1.206
187.3,5.518,3.549,2.347,1.206
187.4,5.519,3.549,2.347,1.206
187.5,5.519,3.549,2.347,1.206
187.6,5.52,3.549,2.347,1.206
187.7,5.521,3.549,2.347,1.206
187.8,5.521,3.549,2.347,1.206
187.9,5.521,3.55,2.347,1.206
188.0,5.521,3.55,2.347,1.206
188.1,5.521,3.55,2.347,1.206
188.2,5.521,3.55,2.348,1.206
188.3,5.521,3.551,2.348,1.206
188.4,5.521,3.551,2.348,1.206
188.5,5.522,3.551,2.348,1.206
188.6,5.522,3.55,2.348,1.206
188.7,5.523,3.55,2.348,1.206
188.8,5.524,3.549,2.347,1.206
188.9,5.525,3.548,2.345,1.206
189.0,5.527,3.546,2.343,1.206
189.1,5.528,3.544,2.341,1.206
189.2,5.528,3.541,2.338,1.206
189.3,5.528,3.536,2.335,1.206
189.4,5.528,3.531,2.33,1.206
189.5,5.528,3.525,2.324,1.206
189.6,5.529,3.517,2.318,1.206
189.7,5.529,3.511,2.313,1.206
189.8,5.529,3.506,2.308,1.206
189.9,5.53,3.501,2.305,1.206
190.0,5.531,3.498,2.304,1.205
190.1,5.532,3.496,2.303,1.204
190.2,5.533,3.495,2.303,1.202
190.3,5.527,3.495,2.304,1.201
190.4,5.512,3.496,2.306,1.199
190.5,5.488,3.496,2.31,1.197
190.6,5.456,3.497,2.314,1.197
190.7,5.417,3.497,2.319,1.197
190.8,5.372,3.497,2.323,1.198
190.9,5.321,3.498,2.326,1.2
191.0,5.266,3.498,2.328,1.202
191.1,5.206,3.499,2.329,1.203
191.2,5.142,3.501,2.329,1.205
191.3,5.075,3.502,2.329,1.206
191.4,5.005,3.504,2.328,1.206
191.5,4.933,3.506,2.326,1.207
191.6,4.858,3.508,2.325,1.207
191.7,4.782,3.51,2.323,1.206
191.8,4.703,3.513,2.322,1.206
191.9,4.623,3.516,2.322,1.206
192.0,4.541,3.512,2.318,1.207
192.1,4.456,3.501,2.307,1.208
192.2,4.37,3.482,2.29,1.207
192.3,4.282,3.457,2.267,1.205
192.4,4.192,3.426,2.239,1.201
192.5,4.192,3.396,2.213,1.195
192.6,4.19,3.368,2.189,1.187
192.7,4.187,3.342,2.168,1.18
192.8,4.181,3.318,2.149,1.171
192.9,4.172,3.297,2.133,1.163
193.0,4.161,3.28,2.119,1.155
193.1,4.148,3.265,2.106,1.147
193.2,4.132,3.253,2.095,1.139
193.3,4.111,3.241,2.084,1.131
193.4,4.086,3.23,2.075,1.124
193.5,4.056,3.22,2.066,1.117
193.6,4.02,3.21,2.059,1.11
193.7,3.98,3.202,2.053,1.104
193.8,3.934,3.195,2.049,1.099
193.9,3.883,3.19,2.047,1.094
194.0,3.827,3.187,2.047,1.09
194.1,3.766,3.192,2.056,1.087
194.2,3.7,3.198,2.065,1.086
194.3,3.629,3.203,2.074,1.086
194.4,3.554,3.207,2.081,1.086
194.5,3.475,3.208,2.086,1.087
194.6,3.394,3.207,2.089,1.088
194.7,3.312,3.202,2.089,1.09
194.8,3.229,3.193,2.086,1.091
194.9,3.146,3.18,2.08,1.092
195.0,3.065,3.163,2.07,1.094
195.1,2.987,3.141,2.057,1.095
195.2,2.912,3.115,2.041,1.095
195.3,2.841,3.084,2.024,1.094
195.4,2.775,3.049,2.004,1.09
195.5,2.715,3.011,1.984,1.086
195.6,2.662,2.968,1.963,1.079
195.7,2.616,2.922,1.943,1.072
195.8,2.584,2.874,1.924,1.064
195.9,2.565,2.826,1.907,1.057
196.0,2.556,2.776,1.893,1.05
196.1,2.558,2.723,1.881,1.046
196.2,2.57,2.669,1.872,1.044
196.3,2.593,2.618,1.87,1.045
196.4,2.627,2.569,1.869,1.045
196.5,2.67,2.525,1.868,1.046
196.6,2.724,2.485,1.868,1.045
196.7,2.787,2.45,1.868,1.044
196.8,2.859,2.421,1.869,1.044
196.9,2.939,2.399,1.871,1.042
197.0,3.026,2.384,1.874,1.041
197.1,3.12,2.375,1.878,1.04
197.2,3.22,2.374,1.883,1.039
197.3,3.326,2.384,1.892,1.039
197.4,3.436,2.405,1.905,1.04
197.5,3.552,2.437,1.92,1.042
197.6,3.665,2.471,1.938,1.045
197.7,3.775,2.508,1.958,1.049
197.8,3.881,2.546,1.979,1.054
197.9,3.985,2.585,2.001,1.06
198.0,4.085,2.626,2.024,1.066
198.1,4.181,2.667,2.046,1.072
198.2,4.275,2.709,2.067,1.079
198.3,4.365,2.75,2.087,1.085
198.4,4.453,2.79,2.104,1.091
198.5,4.537,2.828,2.12,1.099
198.6,4.619,2.866,2.135,1.106
198.7,4.697,2.904,2.148,1.114
198.8,4.772,2.94,2.159,1.121
198.9,4.844,2.975,2.169,1.127
199.0,4.913,3.009,2.178,1.133
199.1,4.978,3.042,2.186,1.139
199.2,5.04,3.073,2.192,1.143
199.3,5.098,3.102,2.197,1.147
199.4,5.152,3.129,2.2,1.15
199.5,5.201,3.157,2.204,1.152
199.6,5.246,3.184,2.209,1.155
199.7,5.287,3.211,2.215,1.157
199.8,5.325,3.235,2.221,1.159
199.9,5.359,3.256,2.227,1.161
200.0,5.39,3.276,2.233,1.163
